node_id,alpha,eta,gamma,depth,layer,document_count,top_k,top_words,word_count,node_npmi,node_c_v,node_u_mass,iteration
0,0.01,0.05,0.05,3,0,970,5,"model, method, use, element, numerical",5,-0.001304814325548797,0.4947950240613893,-0.5686008135466442,285
1,0.01,0.05,0.05,3,1,427,5,"method, problem, element, propose, numerical",5,0.0296586318220027,0.5239495260533786,-0.5745021329484385,285
2,0.01,0.05,0.05,3,2,108,5,"computational, material, homogenization, model, macroscopic",5,0.06656237624842831,0.6788156135329573,-1.4816909347760752,285
3,0.01,0.05,0.05,3,1,13,5,"node, plastic, decomposition, shell, element",5,-0.15924661534708556,0.387713563590993,-1.9784076990505444,285
7,0.01,0.05,0.05,3,2,13,5,"element, virtual, vem, problem, incompressible",5,0.13768582514640487,0.6213516442355115,-2.1423425101786933,285
23,0.01,0.05,0.05,3,2,4,5,"structural, identification, strategy, signal, input",5,0.022906234383719686,0.7293954540454723,-2.6215696225131975,285
28,0.01,0.05,0.05,3,1,13,5,"element, rotation, shell, vector, displacement",5,0.1383447841460645,0.5968048839930548,-1.8556518096150811,285
66,0.01,0.05,0.05,3,1,15,5,"domain, track, orientation, without, crack",5,-0.005445530795430977,0.5383846621346898,-2.11648531777225,285
121,0.01,0.05,0.05,3,1,6,5,"part, predict, slm, build, process",5,0.04459868386343937,0.3974479212480494,-4.061970592937458,285
143,0.01,0.05,0.05,3,2,14,5,"formulation, shell, strain, lock, element",5,0.11146493822342825,0.6685481227239779,-1.245642388568716,285
156,0.01,0.05,0.05,3,2,11,5,"fractional, equation, diffusion, differential, derivative",5,0.36162878249814673,0.8572996004262823,-1.4469820486908618,285
197,0.01,0.05,0.05,3,1,10,5,"output, weight, ann, desire, data",5,0.3323727204638598,0.5350402960515395,-1.8057867949206678,285
211,0.01,0.05,0.05,3,2,23,5,"contact, formulation, body, friction, constraint",5,0.09850100907596661,0.5999754956402349,-2.1191242970589186,285
226,0.01,0.05,0.05,3,1,14,5,"strain, tensor, anisotropic, gradient, case",5,0.11510029150503334,0.7593387265499943,-1.652375045924277,285
242,0.01,0.05,0.05,3,1,10,5,"pd, xfem, tip, instability, oscillation",5,-0.06778815115765124,0.3194250800142192,-10.425600425174263,285
359,0.01,0.05,0.05,3,2,4,5,"bem, fast, matrix, solve, solver",5,0.21252002981433563,0.6999073128454667,-1.2355762888871,285
377,0.01,0.05,0.05,3,2,6,5,"element, rotation, field, displacement, c",5,0.1485558412676813,0.45545755898508355,-2.35367774791488,285
456,0.01,0.05,0.05,3,1,8,5,"mesh, cisamr, element, structure, conform",5,0.1814717704443944,0.6398419673028262,-1.6246052778806792,285
505,0.01,0.05,0.05,3,1,15,5,"fold, j, et, al, mech",5,0.19120906061240558,0.721616191546272,-2.8145318158962276,285
530,0.01,0.05,0.05,3,2,6,5,"fluid, consolidation, medium, porous, water",5,0.2500500448110296,0.8637535061100243,-1.5619341231462929,285
573,0.01,0.05,0.05,3,1,15,5,"function, shape, integration, field, node",5,0.02565930357993406,0.5711720062576985,-1.868307772088071,285
610,0.01,0.05,0.05,3,1,9,5,"crack, fracture, strain, phasefield, plastic",5,0.14412217444379688,0.7803681721215904,-1.706042793467941,285
614,0.01,0.05,0.05,3,1,7,5,"contact, reduction, friction, law, multiplier",5,0.015010836212433043,0.35799106792110863,-4.740244665250666,285
678,0.01,0.05,0.05,3,1,9,5,"time, critical, oscillation, step, shock",5,-0.03579239162099666,0.5074347792513985,-5.060595280992173,285
772,0.01,0.05,0.05,3,2,7,5,"process, residual, additive, manufacturing, predict",5,0.3187094764673316,0.8124062298986654,-1.4828561309082997,285
806,0.01,0.05,0.05,3,1,15,5,"damage, model, crack, composite, mode",5,0.06056192932542476,0.6311015918086589,-1.9271682692888743,285
834,0.01,0.05,0.05,3,1,21,5,"model, stress, continuum, peridynamic, hybrid",5,0.07326528142215906,0.6390116260034306,-3.036436861846698,285
962,0.01,0.05,0.05,3,1,8,5,"resolution, low, topology, bound, parametric",5,0.17710825294853677,0.43515389742369537,-2.6263840367607316,285
1012,0.01,0.05,0.05,3,1,5,5,"shell, surface, volume, midsurface, account",5,0.06718608084760819,0.43952071321440644,-2.389837457759188,285
1060,0.01,0.05,0.05,3,1,6,5,"structure, wing, wave, rotate, force",5,0.08175936401740147,0.3595749849232185,-4.532120997138131,285
1156,0.01,0.05,0.05,3,2,5,5,"contact, adhesive, rough, surface, normal",5,0.31599166160129705,0.7109529479892871,-1.568024967385376,285
1242,0.01,0.05,0.05,3,1,6,5,"analysis, thermofluid, disk, computational, method",5,0.15081891146449306,0.6305214322613386,-1.4618046726511118,285
1312,0.01,0.05,0.05,3,2,11,5,"model, covid, number, disease, new",5,0.053381694690047866,0.563502819679355,-2.0722292900307817,285
1353,0.01,0.05,0.05,3,1,9,5,"plate, approach, shear, exist, support",5,-0.04482788861759711,0.5335527531422392,-2.5075653728739815,285
1662,0.01,0.05,0.05,3,2,8,5,"shell, beam, rotation, rkpm, present",5,0.0602227811483634,0.4380781746736389,-3.869177875301296,285
1958,0.01,0.05,0.05,3,1,12,5,"time, balance, discrete, law, five",5,0.12105028041887325,0.4324473767494291,-3.0849962486935185,285
2084,0.01,0.05,0.05,3,2,6,5,"system, linear, matrix, solution, preconditioner",5,0.07372130201517416,0.6381964204276908,-2.345179673770749,285
2357,0.01,0.05,0.05,3,2,6,5,"force, contact, smooth, smoothed, stable",5,-0.021220266862895257,0.5065997632426573,-2.601239792593676,285
2488,0.01,0.05,0.05,3,1,5,5,"neural, train, network, behavior, training",5,0.18007069835969572,0.6530211463856099,-1.6250842176527716,285
2582,0.01,0.05,0.05,3,1,6,5,"film, thin, strain, sense, employ",5,0.16566772471485072,0.48864491579617225,-1.6238465909077398,285
2932,0.01,0.05,0.05,3,1,4,5,"deformation, equation, elastic, inelastic, mech",5,0.08970534148430129,0.5834825598468084,-2.587607400153471,285
3063,0.01,0.05,0.05,3,1,9,5,"region, composite, potential, immerse, boundary",5,-0.1967665635678129,0.34341699426065964,-2.6378813675618384,285
3898,0.01,0.05,0.05,3,1,9,5,"particle, smoothed, model, smooth, viscous",5,0.10965212224355594,0.5686591499940595,-2.32414059299968,285
4259,0.01,0.05,0.05,3,1,14,5,"refinement, criterion, membrane, automatically, stress",5,0.03935068627696181,0.533862669487534,-2.3615703697383332,285
4292,0.01,0.05,0.05,3,2,3,5,"scheme, dual, standard, primal, simplicity",5,0.026687170625537167,0.6968268392122596,-2.4619364347126558,285
4386,0.01,0.05,0.05,3,2,4,5,"composite, concurrent, multiscale, datadriven, scale",5,0.15668473183824547,0.6248510990003643,-1.8299903322443622,285
4443,0.01,0.05,0.05,3,2,14,5,"optimization, topology, design, material, structure",5,0.1839631630951934,0.5245074240626952,-0.9314946703844292,285
4478,0.01,0.05,0.05,3,2,6,5,"data, learn, network, model, train",5,0.19258117372087408,0.7429573055103924,-1.4340396323118894,285
4655,0.01,0.05,0.05,3,1,7,5,"sph, weld, well, simulate, developed",5,0.10501796136376493,0.6701504211953259,-1.9839463138053968,285
4842,0.01,0.05,0.05,3,1,8,5,"cut, contact, particle, process, detection",5,0.013403266773842678,0.556767617923702,-2.079016109341098,285
4976,0.01,0.05,0.05,3,1,12,5,"object, deformable, approximate, realtime, tissue",5,-0.18346368494041637,0.697192055669575,-2.0802910437042925,285
5443,0.01,0.05,0.05,3,2,6,5,"integration, point, quadrature, moment, cell",5,0.2550217484634546,0.7222767834223052,-2.2045707566685246,285
5621,0.01,0.05,0.05,3,2,5,5,"displacement, analysis, beam, modal, mode",5,0.029143475722904127,0.6332469898065075,-2.3969313036640756,285
5710,0.01,0.05,0.05,3,2,9,5,"approximation, kernel, reproduce, finescale, multiscale",5,0.13165737873031952,0.6069442756539233,-2.2468615630985065,285
6020,0.01,0.05,0.05,3,2,3,5,"phase, microstructures, force, mechanical, calculation",5,0.10479537662176544,0.4807510641602308,-2.18607290051654,285
6260,0.01,0.05,0.05,3,2,7,5,"crack, damage, multiscale, theory, failure",5,0.08397350052816582,0.6066715922901065,-2.113065098703725,285
6400,0.01,0.05,0.05,3,2,5,5,"cluster, interaction, reduce, property, minimum",5,0.07926224983718935,0.6078648425045001,-2.0818068849873557,285
6813,0.01,0.05,0.05,3,1,10,5,"particle, effect, due, fluid, however",5,0.06532655693088024,0.46879336734379795,-2.028292841120803,285
6814,0.01,0.05,0.05,3,2,8,5,"system, framework, energy, provide, illustrate",5,0.030985159851959692,0.4896310263568872,-1.8349502877488466,285
6832,0.01,0.05,0.05,3,2,5,5,"flow, field, framework, show, compressible",5,-0.013104924747471361,0.4893886382489513,-1.9703035902368402,285
6907,0.01,0.05,0.05,3,1,14,5,"crack, anisotropic, fracture, material, field",5,0.10281676648799598,0.6521943568884894,-1.1422573024357403,285
6924,0.01,0.05,0.05,3,2,3,5,"contact, inhomogeneity, algorithm, direction, surface",5,0.147126504675883,0.5798415065167901,-1.811267569899784,285
7281,0.01,0.05,0.05,3,2,9,5,"flow, fluid, incompressible, propagation, acoustic",5,0.07493224662440305,0.46011212744635577,-2.8381912165650593,285
7442,0.01,0.05,0.05,3,2,4,5,"beam, shear, homogenization, rve, size",5,0.11025422456723481,0.6122396778383139,-2.12375056937972,285
7514,0.01,0.05,0.05,3,2,8,5,"element, finite, mesh, tetrahedral, hexahedral",5,0.23909493680255559,0.6956225387589124,-2.884188913928305,285
7613,0.01,0.05,0.05,3,2,4,5,"mesh, fsi, fluid, interaction, move",5,0.17891563794706802,0.7589965500322967,-1.8535383111752117,285
7673,0.01,0.05,0.05,3,2,3,5,"generalize, thermomechanical, theory, speed, rkpm",5,-0.04208619780197049,0.4921964632769951,-2.9953947537974868,285
7786,0.01,0.05,0.05,3,2,10,5,"grain, crystal, boundary, slip, orientation",5,0.1326461495807244,0.550937108276231,-1.812857228562446,285
7823,0.01,0.05,0.05,3,1,2,5,"yield, rod, surface, crosssection, form",5,0.07246109820233566,0.47665446926123806,-2.207539152812708,285
7911,0.01,0.05,0.05,3,1,8,5,"impact, friction, dissipation, consistent, dynamic",5,0.1224083118549915,0.4925074081029521,-2.0051949971216354,285
7966,0.01,0.05,0.05,3,2,9,5,"surface, isogeometric, nurbs, lr, refinement",5,0.23747764475356078,0.7970945413881961,-2.358014940005263,285
8123,0.01,0.05,0.05,3,1,9,5,"fiber, failure, volume, response, compressive",5,0.13672074433674694,0.710169911649124,-2.203689411651765,285
8337,0.01,0.05,0.05,3,1,9,5,"convergence, micromorphic, heat, rate, thermal",5,-0.028481084070827493,0.6925581790850741,-2.0783609120011683,285
8395,0.01,0.05,0.05,3,1,11,5,"gaussian, parametric, data, capable, quantify",5,0.2209255969963259,0.5306727470573191,-2.456251293289795,285
8703,0.01,0.05,0.05,3,1,13,5,"virtual, field, identify, spread, infection",5,0.01385513108342078,0.44698984486326376,-7.507317031066732,285
9105,0.01,0.05,0.05,3,1,5,5,"criterion, challenge, end, initiation, failure",5,-0.14234222630455184,0.5539634725725642,-2.266606062027225,285
9147,0.01,0.05,0.05,3,2,6,5,"model, frequency, displacement, multilevel, reducedorder",5,0.049305949117893835,0.6448461544794972,-3.046454030195307,285
9230,0.01,0.05,0.05,3,2,4,5,"model, uncertainty, bayesian, error, prediction",5,0.17232417681019774,0.5935583193734612,-2.1084449678695174,285
9261,0.01,0.05,0.05,3,1,5,5,"transfer, ductile, operator, pdes, phase",5,-0.1645809121768736,0.4277588260000954,-4.69783716571004,285
9285,0.01,0.05,0.05,3,1,6,5,"globallocal, local, harden, improvement, software",5,-0.13102279245479304,0.4759461285762721,-2.2518783187904847,285
9883,0.01,0.05,0.05,3,2,9,5,"crack, element, composite, shell, interface",5,0.011594479590290951,0.3884607273060189,-2.058847670454424,285
9978,0.01,0.05,0.05,3,2,7,5,"spacetime, algorithm, time, enrichment, accelerate",5,0.01807773088938517,0.31614516330689096,-2.657087713344017,285
10020,0.01,0.05,0.05,3,2,4,5,"optimization, additional, topology, structure, density",5,0.019071140399065538,0.3217789128450831,-2.0437750173637648,285
10157,0.01,0.05,0.05,3,1,6,5,"contact, medium, algorithm, line, third",5,0.04512389646228254,0.3404854475411653,-5.060079679314295,285
10220,0.01,0.05,0.05,3,2,6,5,"beam, structure, onedimensional, theory, composite",5,0.14063239739001748,0.6060499754887341,-2.0479485487575446,285
10317,0.01,0.05,0.05,3,1,9,5,"problem, boundary, functional, magnetic, free",5,-0.0006486184815745977,0.6229026111404128,-2.937808273889726,285
10373,0.01,0.05,0.05,3,2,5,5,"ale, temperature, viscoelastic, computation, layer",5,0.12228546445143251,0.8247300607577497,-1.8638099292230224,285
10497,0.01,0.05,0.05,3,1,6,5,"surface, effective, peridynamic, effect, electrical",5,0.02911965128795404,0.27932320813229605,-4.943567263941539,285
10543,0.01,0.05,0.05,3,2,6,5,"stochastic, probability, crack, density, parameter",5,0.03692825512656693,0.5393157565725497,-1.769011288788819,285
10692,0.01,0.05,0.05,3,1,8,5,"uncertainty, load, stochastic, spatially, quantify",5,0.2612722014963724,0.6857648565420392,-2.675882499866273,285
10693,0.01,0.05,0.05,3,2,3,5,"cell, tissue, differentiation, within, stiffness",5,0.09924609994528898,0.6589653643508346,-2.0197832163585967,285
10711,0.01,0.05,0.05,3,1,4,5,"pore, formation, identify, rate, explain",5,0.09147387158089282,0.7095203785467763,-2.1112684733574545,285
10805,0.01,0.05,0.05,3,2,3,5,"element, mode, derive, modal, displacement",5,0.10571623899313425,0.630247015523751,-2.1696233856740954,285
10931,0.01,0.05,0.05,3,2,6,5,"particle, provide, model, quantitative, surround",5,0.028894669115631277,0.5168041414976978,-2.605081652994431,285
11023,0.01,0.05,0.05,3,2,8,5,"fracture, time, damage, explicit, integrator",5,-0.03063017759897103,0.4114785098015501,-7.1347927957265584,285
11353,0.01,0.05,0.05,3,2,5,5,"method, function, set, constraint, pressure",5,-0.010792533416051065,0.4519515621710065,-2.4473154911243595,285
11497,0.01,0.05,0.05,3,2,4,5,"body, rigid, multibody, rotation, flexible",5,0.16501706168500913,0.671242184758125,-2.0594901269186314,285
11547,0.01,0.05,0.05,3,2,6,5,"wave, dispersion, propagation, study, mass",5,0.15262456373853078,0.7714419374531604,-1.5979221024657568,285
11631,0.01,0.05,0.05,3,2,5,5,"function, basis, enrichment, domain, matrix",5,0.10125469288526885,0.6249125984770568,-1.8884137507023724,285
11770,0.01,0.05,0.05,3,1,14,5,"datadriven, simulation, data, need, law",5,0.05507089666607653,0.5179888172653954,-1.9227839135252218,285
11825,0.01,0.05,0.05,3,1,8,5,"nonlinear, cg, method, fftbased, computational",5,0.15020745192326718,0.614740767539481,-1.8682881852097792,285
11858,0.01,0.05,0.05,3,2,4,5,"memory, comput, algorithm, mech, et",5,0.26237803182098907,0.7756534166564041,-1.559846768521234,285
11900,0.01,0.05,0.05,3,2,4,5,"parameter, sensitivity, fiber, failure, response",5,0.12421099063082734,0.49287358698203293,-2.0942456995431664,285
11909,0.01,0.05,0.05,3,2,4,5,"failure, reliability, laminate, composite, nonlocal",5,0.08542345372251343,0.5426997936884874,-6.552481455639676,285
11995,0.01,0.05,0.05,3,2,5,5,"size, band, homogeneous, material, phase",5,0.027762387052620373,0.5681531496761559,-1.9842597701436921,285
12157,0.01,0.05,0.05,3,2,3,5,"strain, soften, algorithm, plasticity, plane",5,0.190830796647276,0.6873219852839524,-2.1657267850696473,285
12161,0.01,0.05,0.05,3,1,8,5,"inversion, ensemble, challenge, inverse, highfidelity",5,0.1514289351994905,0.64276393145064,-2.093842592907,285
12242,0.01,0.05,0.05,3,2,4,5,"material, process, component, release, modeling",5,-0.01999411234651415,0.35783329137283737,-5.160772904848644,285
12262,0.01,0.05,0.05,3,2,2,5,"parameter, fracture, phasefield, curve, mesh",5,0.06352810188569055,0.5301753352389431,-1.8564166411297485,285
12276,0.01,0.05,0.05,3,1,3,5,"random, structure, dynamic, field, stochastic",5,0.1002186945600495,0.6436984083785797,-1.7919113366640533,285
12341,0.01,0.05,0.05,3,2,7,5,"response, microstructural, multiscale, mechanical, porosity",5,-0.048399706949523294,0.49449374688133363,-4.718548619450867,285
12369,0.01,0.05,0.05,3,2,3,5,"hybrid, discontinuous, cg, flux, deformation",5,-0.007073634565903986,0.5863809891946568,-4.19547340780291,285
12371,0.01,0.05,0.05,3,1,11,5,"flow, st, computation, analysis, isogeometric",5,0.22319435077335736,0.7886644678789537,-1.052087287725485,285
12465,0.01,0.05,0.05,3,2,4,5,"wave, layer, surface, make, velocity",5,-0.004100338267585056,0.4430929728943955,-2.291758228785719,285
12474,0.01,0.05,0.05,3,2,4,5,"particle, shape, dem, contact, identification",5,-0.08851945909733676,0.38863231817303284,-6.822166701651338,285
12477,0.01,0.05,0.05,3,1,9,5,"part, approximation, virtual, classical, curvature",5,-0.06541778406848016,0.4050321813149302,-5.036544043114962,285
12535,0.01,0.05,0.05,3,1,11,5,"meshfree, analysis, particle, scheme, nonlocal",5,0.09940543739650243,0.5763200515714659,-2.1960388335525014,285
12546,0.01,0.05,0.05,3,2,1,5,"approach, online, computation, matrix, parametric",5,0.06151765877941978,0.42456156382317933,-2.5038363125992027,285
12568,0.01,0.05,0.05,3,1,5,5,"phasefield, fracture, propagation, twin, crack",5,0.2243864398524337,0.8658645157342353,-1.8214775102077727,285
12611,0.01,0.05,0.05,3,2,2,5,"lattice, anisotropic, hyperelastic, metamaterials, data",5,0.054777917923467465,0.7516091316282074,-2.110010847964639,285
12622,0.01,0.05,0.05,3,1,6,5,"localization, strain, plane, angle, condition",5,0.23394141614478162,0.6722914903865665,-1.9069521325172993,285
12633,0.01,0.05,0.05,3,2,9,5,"size, structure, apply, contact, macroscale",5,-0.04136052634171469,0.3480726612362989,-2.471409859095583,285
12643,0.01,0.05,0.05,3,1,7,5,"structure, boundary, composite, integral, tire",5,-0.11901329288324755,0.40352250200780854,-3.0428832403075488,285
12731,0.01,0.05,0.05,3,2,3,5,"fiber, orientation, energy, crack, reinforce",5,0.08807416922381464,0.5251066421305669,-2.0967385386124486,285
12753,0.01,0.05,0.05,3,2,4,5,"boundary, condition, lattice, kernel, function",5,0.12853290412785975,0.5648315704550466,-2.0622893231269988,285
12784,0.01,0.05,0.05,3,1,4,5,"electrical, branch, electric, different, core",5,-0.10374342157825837,0.4459382924653016,-4.255154460062514,285
12816,0.01,0.05,0.05,3,2,2,5,"damage, adhesive, fatigue, model, microstructure",5,0.16608526134200055,0.7166700242610169,-1.7149295024021072,285
12864,0.01,0.05,0.05,3,1,2,5,"perform, engineering, structural, mesh, take",5,0.015109923279231907,0.40446704400483935,-2.027259352735208,285
12872,0.01,0.05,0.05,3,2,7,5,"distribution, composite, fiber, volume, fe",5,0.11405533390020473,0.5941627120804647,-1.9418798412713183,285
12882,0.01,0.05,0.05,3,2,2,5,"imperfection, defect, geometric, inverse, response",5,0.28605035258279204,0.6718302717167465,-1.4636429775380542,285
12904,0.01,0.05,0.05,3,2,9,5,"pressure, fracture, void, boundary, diffusion",5,0.0070516425357121295,0.4408028198840883,-2.5124878305578773,285
12967,0.01,0.05,0.05,3,2,5,5,"process, manufacturing, complex, additive, industry",5,0.3023480604428902,0.6345508327183207,-2.1063221515621744,285
12978,0.01,0.05,0.05,3,2,4,5,"scheme, strength, homogenization, rigid, fast",5,-0.1022056454960127,0.41441294278923735,-2.9311673912159213,285
13057,0.01,0.05,0.05,3,1,6,5,"design, mesoscale, bone, random, geometry",5,0.0006777379154594094,0.5652450319326003,-2.3260908280995745,285
13072,0.01,0.05,0.05,3,2,3,5,"principle, tire, computation, minimization, st",5,-0.10656616158883167,0.21339296188213788,-10.83884761093186,285
13187,0.01,0.05,0.05,3,2,4,5,"surface, shell, stress, outofplane, traction",5,0.1651757938628104,0.5341768080107722,-2.7588672926435915,285
13261,0.01,0.05,0.05,3,2,6,5,"laser, surface, powder, pattern, melt",5,0.12731901756641223,0.6295724886283004,-2.0837537953182457,285
13266,0.01,0.05,0.05,3,2,4,5,"twin, time, algorithm, formation, band",5,0.05681130811922118,0.6851933896792606,-2.085928351484612,285
13282,0.01,0.05,0.05,3,2,4,5,"inclusion, data, regularization, heat, anisotropic",5,0.02023563900661323,0.19411641459842122,-4.797000161505359,285
13318,0.01,0.05,0.05,3,2,4,5,"microstructure, cell, wall, via, incorporate",5,-0.11440882044718392,0.4401462847470491,-2.8098995868012073,285
13327,0.01,0.05,0.05,3,2,2,5,"velocity, program, guarantee, force, algorithmic",5,0.28778985810229085,0.5306771737287573,-2.6582450771420025,285
13411,0.01,0.05,0.05,3,2,3,5,"nitsches, stabilization, isogeometric, shell, nonsymmetric",5,0.15235247418843334,0.5263777149492113,-2.289180586392531,285
13426,0.01,0.05,0.05,3,2,6,5,"joint, update, shock, physic, process",5,-0.095230507989625,0.5690313504839865,-2.146520317600129,285
13434,0.01,0.05,0.05,3,2,3,5,"stress, vfm, inverse, regularization, macroscale",5,-0.12784833173185112,0.40148305649416755,-6.831807478049714,285
13440,0.01,0.05,0.05,3,2,1,5,"fe, verification, homogenization, homogenize, couple",5,-0.25759523835603837,0.8457949984265571,-2.3087921318200326,285
13461,0.01,0.05,0.05,3,2,2,5,"parameterized, optimization, reduce, reduction, order",5,0.19951130768689532,0.6783273423492251,-1.3124456902670845,285
13476,0.01,0.05,0.05,3,2,6,5,"reduce, reduction, decomposition, micromorphic, dual",5,-0.08212610662961443,0.6900345857154168,-2.9600819488535834,285
13509,0.01,0.05,0.05,3,2,2,5,"instability, symmetry, membrane, show, thin",5,0.13853347457186133,0.5700365129487704,-1.7921439869725488,285
13516,0.01,0.05,0.05,3,2,4,5,"thermal, vibration, deformation, interphase, damage",5,-0.20400078316392029,0.2801313432886925,-9.103803624640161,285
13540,0.01,0.05,0.05,3,2,3,5,"enrichment, gxfem, use, problem, function",5,0.15571411149381809,0.62073798122199,-0.7237739728943706,285
13551,0.01,0.05,0.05,3,2,4,5,"tire, contact, st, flow, road",5,0.30423435859162645,0.8958047779047297,-1.6429638242476827,285
13558,0.01,0.05,0.05,3,2,3,5,"droplet, medium, spread, process, impact",5,0.1999876322111977,0.5681600557536959,-1.924806591059778,285
13563,0.01,0.05,0.05,3,2,3,5,"nonlinear, network, neural, law, data",5,0.19271928248663278,0.7138358591049023,-1.6791201467341637,285
13568,0.01,0.05,0.05,3,2,2,5,"erosion, update, particle, computational, analysis",5,0.09451391265141015,0.40095474299410433,-1.043319169805164,285
13588,0.01,0.05,0.05,3,2,3,5,"pd, crack, xfem, follow, couple",5,0.038426410297529856,0.6526774259326972,-1.8206747814434248,285
13604,0.01,0.05,0.05,3,2,4,5,"damage, temperature, tissue, heat, energy",5,0.15697737672373963,0.5260788448353308,-2.10322907299164,285
13639,0.01,0.05,0.05,3,2,4,5,"contact, surface, beam, search, virtual",5,0.09485901132208165,0.35587901545430295,-2.785522262783753,285
13689,0.01,0.05,0.05,3,2,4,5,"particle, fe, result, simulation, behaviour",5,-0.03293237475130593,0.5441669373290355,-2.1777216447080336,285
13700,0.01,0.05,0.05,3,2,2,5,"interaction, peridynamics, pd, statebased, nonlocal",5,0.3273954790488901,0.7685077907966809,-2.0454947972694013,285
13703,0.01,0.05,0.05,3,2,2,5,"rubber, change, step, material, phase",5,0.08311233030361075,0.4581820015237795,-1.5816792683904335,285
13723,0.01,0.05,0.05,3,1,3,5,"fiber, orientation, effective, volume, ratio",5,0.22586765825445493,0.6792474582602275,-1.8906602569303903,285
13736,0.01,0.05,0.05,3,2,4,5,"beam, tire, mesh, st, geometry",5,-0.030470710628817642,0.5044382924899095,-6.115705496267671,285
13748,0.01,0.05,0.05,3,2,5,5,"frequency, structural, temperature, turbine, blade",5,0.0731259664954355,0.3396769801475875,-7.010516860118031,285
13753,0.01,0.05,0.05,3,2,5,5,"optimization, two, uncertainty, topology, design",5,0.09758324283743247,0.48912123843674465,-1.8457575649679103,285
13762,0.01,0.05,0.05,3,2,3,5,"efficiency, grain, parallel, manufacturing, additive",5,0.012527589065632677,0.6050191215319486,-2.437480954565717,285
13785,0.01,0.05,0.05,3,2,4,5,"fsi, part, rkpm, air, solid",5,-0.10929429800110928,0.5507918844573465,-1.8739288020316587,285
13794,0.01,0.05,0.05,3,2,5,5,"matrix, fiber, strain, inside, uncertainty",5,-0.08719631099729398,0.34045487276916975,-3.2257680132655238,285
13795,0.01,0.05,0.05,3,2,6,5,"cell, traction, inverse, growth, force",5,-0.15389070036559327,0.35498651210124665,-4.92831312594382,285
13823,0.01,0.05,0.05,3,2,2,5,"mesh, crack, stage, propagation, alternative",5,0.09148690383033083,0.46180090857511236,-2.6745285772886245,285
13824,0.01,0.05,0.05,3,2,4,5,"data, elastoplastic, datadriven, fatigue, stressstrain",5,-0.20450768327294658,0.4268200099557486,-7.000063070212877,285
13827,0.01,0.05,0.05,3,2,5,5,"heart, human, drug, cardiac, tissue",5,0.38928654165141097,0.7517431519589015,-3.3844363105785162,285
13834,0.01,0.05,0.05,3,2,4,5,"phase, field, crack, propagation, simulate",5,0.15194532758266185,0.6861283603809666,-1.6112081414988846,285
13845,0.01,0.05,0.05,3,2,1,5,"gradient, polynomial, discrete, locally, stabilization",5,0.08527684188814914,0.48910343238173415,-3.0219275592933776,285
13850,0.01,0.05,0.05,3,2,4,5,"covid, decompose, partial, useful, begin",5,-0.18944784918105012,0.6346314333836545,-2.5713800450363165,285
13854,0.01,0.05,0.05,3,2,2,5,"degradation, stability, rate, solid, partial",5,-0.1657051120775544,0.3903972481221921,-2.337552701102683,285
13865,0.01,0.05,0.05,3,2,2,5,"train, drag, design, shape, optimal",5,0.2064528588862961,0.5427465118284875,-1.898651680730567,285
13876,0.01,0.05,0.05,3,2,3,5,"deposition, transmission, load, particle, human",5,-0.21355547554243745,0.5194485999485156,-2.306435776978281,285
13880,0.01,0.05,0.05,3,2,3,5,"residual, change, vector, method, modification",5,-0.00939265651854294,0.4922249232576193,-2.2893465932790207,285
13884,0.01,0.05,0.05,3,2,6,5,"sve, beam, strain, size, thermal",5,-0.11221013209915158,0.3944084819360184,-6.148195137834454,285
13886,0.01,0.05,0.05,3,2,4,5,"condition, boundary, body, data, surface",5,0.04731563177292758,0.5938117333683023,-2.003137828736036,285
13893,0.01,0.05,0.05,3,2,1,5,"element, parameter, discretization, dc, st",5,0.13834432191224416,0.6640594751594745,-3.0168449385977065,285
13899,0.01,0.05,0.05,3,1,7,5,"mortar, fluid, map, mapping, near",5,-0.07634243642338998,0.31689718017395024,-2.6419069663315837,285
13902,0.01,0.05,0.05,3,2,6,5,"solid, fracture, tool, beam, directional",5,-0.36439262814846934,0.29030549095712677,-7.883998869723799,285
13915,0.01,0.05,0.05,3,2,2,5,"contact, angle, void, anisotropy, system",5,0.06447349633454046,0.3275204281846403,-2.661503462121842,285
13921,0.01,0.05,0.05,3,2,3,5,"mesh, move, magnetic, boundary, computation",5,0.0032065214524290646,0.467259902196459,-4.364246900923018,285
13927,0.01,0.05,0.05,3,2,2,5,"hybrid, artery, couple, strong, variant",5,-0.16308297705440297,0.48959855129137997,-2.702799390397767,285
13939,0.01,0.05,0.05,3,2,3,5,"computation, discretization, computational, turbine, different",5,0.03942194779321242,0.49717499189804853,-1.9508184339256975,285
13943,0.01,0.05,0.05,3,2,3,5,"mass, matrix, order, formulation, superconvergent",5,0.18648334904158045,0.6471175119178113,-2.1469842542441713,285
13951,0.01,0.05,0.05,3,2,1,5,"data, experimental, phasefield, approach, bayesian",5,0.13451655192062623,0.79117515234623,-2.0631287379613754,285
13957,0.01,0.05,0.05,3,1,1,5,"failure, shape, calculation, life, probabilistic",5,0.01573876530129606,0.5506487068318331,-3.0754268988005946,285
13958,0.01,0.05,0.05,3,2,1,5,"shape, mechanical, first, discretize, prediction",5,0.045254263326443646,0.39859239443034783,-2.858108606187264,285
13961,0.01,0.05,0.05,3,2,2,5,"lattice, stress, different, cubic, transformation",5,-0.04956176769661188,0.32188150513939334,-2.700543150809512,285
13962,0.01,0.05,0.05,3,2,2,5,"state, variable, implementation, internal, multiple",5,0.046413434694363806,0.40066373159483,-2.605648436245045,285
13970,0.01,0.05,0.05,3,2,7,5,"magnetic, fiber, material, diffusion, composite",5,-0.1890395036820905,0.37997597745890854,-6.295764639307576,285
13971,0.01,0.05,0.05,3,2,1,5,"distribution, estimate, inverse, characterization, response",5,0.17281857584999918,0.7789709629826659,-2.414638752750734,285
13982,0.01,0.05,0.05,3,2,6,5,"spectral, medium, stochastic, propagation, material",5,0.057695904162606025,0.5040148179510741,-1.7238920293236788,285
13987,0.01,0.05,0.05,3,2,2,5,"beam, bend, shear, scale, fem",5,-0.2602569552622983,0.4192295248144461,-2.494780431457565,285
13989,0.01,0.05,0.05,3,1,4,5,"order, fractional, accuracy, efficiency, reduce",5,0.09115694223792423,0.5630101960406371,-1.8352683683905284,285
13990,0.01,0.05,0.05,3,2,3,5,"x, u, k, parallel, principal",5,0.0375433835871241,0.6424576933307241,-2.320304183875538,285
14001,0.01,0.05,0.05,3,2,6,5,"shell, data, compression, meshfree, damage",5,-0.3113627605317427,0.257087209843031,-7.320453956334757,285
14011,0.01,0.05,0.05,3,2,3,5,"response, diagram, laminate, damage, shell",5,-0.12184292355815991,0.4490280553017304,-8.552930072164607,285
14015,0.01,0.05,0.05,3,2,1,5,"test, identification, parameter, strain, vfm",5,0.12404730516858324,0.5746827327057084,-2.7452857423258115,285
14020,0.01,0.05,0.05,3,2,3,5,"data, mesh, field, compare, move",5,-0.007858665010462756,0.4105296412306356,-1.980177955702612,285
14021,0.01,0.05,0.05,3,2,4,5,"gap, stress, node, interface, recover",5,-0.05638585039361026,0.18945353955691008,-4.734771107713083,285
14026,0.01,0.05,0.05,3,2,2,5,"shell, model, active, internal, discrete",5,-0.1353797122650204,0.4096215649409527,-4.808213562012517,285
14027,0.01,0.05,0.05,3,2,3,5,"fracture, size, bone, influence, propagation",5,0.1349831658913443,0.6391225905762252,-2.2596802270738747,285
14028,0.01,0.05,0.05,3,2,3,5,"boundary, fe, optimize, local, rapid",5,-0.38187024682053655,0.289258637597405,-3.4359008614364326,285
14036,0.01,0.05,0.05,3,2,4,5,"biofilm, growth, sph, base, spatial",5,0.0038222302935143797,0.5849044776373657,-1.413895064640569,285
14037,0.01,0.05,0.05,3,2,5,5,"solver, crystal, make, reduction, improvement",5,-0.18600827363320896,0.4654417597187065,-2.941545194552833,285
14045,0.01,0.05,0.05,3,1,4,5,"homogenization, complementary, elastic, composite, variational",5,0.09475694878807768,0.5039084855535375,-2.1808254130360885,285
14046,0.01,0.05,0.05,3,2,4,5,"microstructure, macroscopic, phase, homogeneous, field",5,0.1573686375957734,0.7558089425000265,-1.8729082323228414,285
14047,0.01,0.05,0.05,3,2,2,5,"input, ability, strain, viscoelasticity, data",5,-0.03437935624749613,0.4519537299953605,-2.0820596392843718,285
14048,0.01,0.05,0.05,3,2,3,5,"time, step, large, interval, system",5,-0.025420653264563053,0.667254556032176,-2.1558935492643934,285
14052,0.01,0.05,0.05,3,2,3,5,"stiffness, integral, matrix, diffusion, fractional",5,0.14905671570385995,0.5851074753233854,-4.997732819221236,285
14058,0.01,0.05,0.05,3,1,5,5,"degree, freedom, system, hybrid, steadystate",5,0.2307390492897286,0.6638879294572944,-2.679263223022963,285
14060,0.01,0.05,0.05,3,2,3,5,"algorithm, instability, dynamic, stochastic, system",5,0.08662172158058026,0.6104740525889133,-2.0683151304732275,285
14066,0.01,0.05,0.05,3,2,5,5,"crack, surface, contact, heat, thermal",5,0.08351973778389653,0.4564816560747068,-2.5203005184917577,285
14073,0.01,0.05,0.05,3,2,1,5,"configuration, map, arterial, target, basis",5,-0.07448438008384714,0.7656299739767392,-2.1586134212019568,285
14083,0.01,0.05,0.05,3,2,4,5,"model, couple, wave, system, heart",5,-0.03623997433150478,0.6292554563579931,-2.9641115243117246,285
14088,0.01,0.05,0.05,3,2,4,5,"laser, heat, thermal, strain, yield",5,0.07348567442227874,0.5597692529110758,-1.8409522149474207,285
14092,0.01,0.05,0.05,3,2,3,5,"interface, theory, surface, elasticity, bulk",5,0.1200521222015215,0.5134569829082243,-2.846501471257022,285
14094,0.01,0.05,0.05,3,2,4,5,"crack, fatigue, structure, expression, discretization",5,-0.24829573420981826,0.2251461604182413,-6.9749530411727365,285
14096,0.01,0.05,0.05,3,2,5,5,"polymer, mortar, elastomer, frequency, algorithm",5,-0.25994439910581646,0.21247924439909188,-6.555011787414155,285
14103,0.01,0.05,0.05,3,2,3,5,"simulation, pod, stability, condition, fem",5,0.05867671687943972,0.5430636045847924,-2.333438101346101,285
14104,0.01,0.05,0.05,3,2,2,5,"turbine, computation, framework, st, wind",5,0.2814145694923525,0.8228301839759273,-1.619178468142485,285
14106,0.01,0.05,0.05,3,2,5,5,"type, smooth, property, range, embed",5,-0.23103310020305065,0.4311091215926114,-2.6761879031124494,285
14107,0.01,0.05,0.05,3,2,5,5,"constraint, mechanism, motion, total, bar",5,0.01977483535212244,0.30283819630092673,-3.10130588688899,285
14110,0.01,0.05,0.05,3,2,2,5,"meshfree, order, gradient, function, high",5,0.13112259967611156,0.5696044262740242,-1.5681647488882533,285
14111,0.01,0.05,0.05,3,2,5,5,"diffusion, concentration, pd, potential, continuity",5,-0.04372278411079657,0.574195870971012,-4.728097978773426,285
14114,0.01,0.05,0.05,3,2,2,5,"composite, constituent, macroscopic, stressstrain, explore",5,0.13660256594459183,0.7804737040427097,-2.426627577338272,285
14122,0.01,0.05,0.05,3,2,5,5,"cost, temperature, x, scan, thermal",5,-0.3113796965200393,0.7493782307392985,-2.6325484112322597,285
14123,0.01,0.05,0.05,3,2,3,5,"tool, thermal, design, performance, framework",5,0.07160596854543015,0.5177741640369797,-1.5613033290950418,285
14125,0.01,0.05,0.05,3,2,3,5,"contact, system, highly, industrial, thermomechanical",5,-0.0901026138643373,0.3341753680433809,-3.080266761344183,285
14127,0.01,0.05,0.05,3,2,4,5,"stabilizer, shell, fatigue, blend, analysis",5,0.24384691944602213,0.8591325076482127,-1.2225334815215967,285
14130,0.01,0.05,0.05,3,2,1,5,"strain, determination, data, test, parameter",5,-0.02656449053089594,0.40053700058990327,-1.8878399615189358,285
14136,0.01,0.05,0.05,3,2,1,5,"interest, variety, application, initially, strong",5,0.1421153058651147,0.5402404247275785,-2.630803773127871,285
14137,0.01,0.05,0.05,3,2,2,5,"iga, unit, geometry, isogeometric, microstructural",5,0.06039606848377101,0.4244143460336738,-2.153678508972623,285
14138,0.01,0.05,0.05,3,2,4,5,"matrix, polyhedron, scale, boundary, new",5,0.025726376798405122,0.4275782586866673,-1.9336699829303832,285
14140,0.01,0.05,0.05,3,2,4,5,"smooth, quality, mesh, context, poroelastic",5,-0.16829040653248334,0.3158606313147897,-7.114419177144879,285
14147,0.01,0.05,0.05,3,2,1,5,"structure, random, imperfection, load, since",5,-0.042071340129274576,0.5847765648146002,-2.747432682493114,285
14148,0.01,0.05,0.05,3,2,2,5,"structural, material, mechanical, print, optimization",5,0.1731080014425061,0.7379841324341976,-2.375859429211748,285
14149,0.01,0.05,0.05,3,2,1,5,"implementation, principal, stretch, elasticity, similar",5,0.17213327857243105,0.5724399959964553,-2.5665300307941714,285
14151,0.01,0.05,0.05,3,2,3,5,"reinforcement, variable, twoscale, concrete, effective",5,0.18667703809949435,0.46243466207399936,-2.5429374770827367,285
14152,0.01,0.05,0.05,3,2,2,5,"time, scale, critical, growth, experiment",5,0.02692277262552297,0.5732033670677438,-2.458470068530122,285
14154,0.01,0.05,0.05,3,2,1,5,"fiber, orientation, stress, principal, procedure",5,0.20098397391813272,0.687731414637376,-2.2077182985513915,285
14157,0.01,0.05,0.05,3,2,1,5,"surface, subdivision, solve, pdes, analysis",5,0.1420387686701221,0.5326850082790608,-2.1585106145441664,285
14158,0.01,0.05,0.05,3,2,3,5,"crack, propagation, dynamic, fatigue, mechanism",5,0.10652881379568882,0.7186591327562823,-2.3818649534584093,285
14160,0.01,0.05,0.05,3,2,1,5,"characteristic, provide, localize, nonlocal, yet",5,-0.011355542928370838,0.4972669042342724,-2.7799361178117037,285
14164,0.01,0.05,0.05,3,2,7,5,"sph, particle, surface, instability, interaction",5,0.15540576694693226,0.788583523715765,-1.4194764504871817,285
14165,0.01,0.05,0.05,3,2,3,5,"manifold, application, learn, signal, motion",5,-0.30864770424935856,0.434155782548142,-4.811918330915317,285
14168,0.01,0.05,0.05,3,2,2,5,"shear, band, formation, microscale, length",5,0.04254198015309759,0.6005804277090243,-2.3771344289166896,285
14169,0.01,0.05,0.05,3,2,4,5,"configuration, decomposition, plastic, new, deformation",5,0.09804109477788192,0.5095687337830401,-1.773618772277871,285
14173,0.01,0.05,0.05,3,2,2,5,"geometrical, defect, build, fcm, predict",5,0.07424649808361623,0.5157938063132984,-2.4699835555697716,285
14174,0.01,0.05,0.05,3,2,2,5,"interface, orthotropic, adhesive, contact, propose",5,0.10144135451517289,0.5194700311205931,-1.770058948822486,285
14175,0.01,0.05,0.05,3,2,2,5,"random, subject, load, dynamic, equation",5,0.06066846030714068,0.4386168504811435,-1.9099275020431694,285
14177,0.01,0.05,0.05,3,2,2,5,"loss, function, source, information, approach",5,-0.06889445552237364,0.5502641275013784,-1.855636062462406,285
14178,0.01,0.05,0.05,3,2,3,5,"solver, wake, dissipation, mechanism, propose",5,-0.07791172275539893,0.4092892917115126,-5.983019896013156,285
14180,0.01,0.05,0.05,3,2,2,5,"pod, lattice, boltzmann, rom, interpolation",5,-0.09178921907539335,0.1993394143673332,-12.30079757523168,285
14181,0.01,0.05,0.05,3,2,1,5,"contact, force, nodal, function, bound",5,0.15416426830975422,0.5684646810553856,-2.6976566412753344,285
14182,0.01,0.05,0.05,3,2,1,5,"constraint, critical, one, point, equation",5,0.03826685987005095,0.42070983342824897,-1.923336473175524,285
14183,0.01,0.05,0.05,3,2,3,5,"dislocation, rate, concrete, mechanical, composite",5,-0.1702463549086178,0.28773891932406703,-6.420341468642872,285
14184,0.01,0.05,0.05,3,2,2,5,"discontinuity, embed, fe, graph, radius",5,-0.288923474414091,0.4716026397696792,-9.252043808473193,285
14185,0.01,0.05,0.05,3,2,2,5,"domain, projection, mixed, discretization, decomposition",5,-0.0015206802317836762,0.6339002534294897,-2.125579847999698,285
14186,0.01,0.05,0.05,3,2,1,5,"shape, observe, liquid, crystal, polymer",5,-0.0737814818010056,0.4934132841358331,-3.053662590699564,285
14187,0.01,0.05,0.05,3,2,3,5,"polymer, mechanical, composite, dynamic, performance",5,0.0912597459237228,0.6561872605619816,-1.75437011156477,285
14188,0.01,0.05,0.05,3,2,4,5,"aim, enrichment, around, contact, configuration",5,-0.1090187948451791,0.20152191453503487,-2.6944565775346274,285
14189,0.01,0.05,0.05,3,2,1,5,"form, nodal, shape, fe, optimization",5,-0.007903293696669528,0.6502604280965972,-2.5873956324792697,285
14190,0.01,0.05,0.05,3,2,3,5,"set, level, phase, interface, approach",5,0.0433693496360245,0.5743189395304551,-1.6503080403944694,285
14191,0.01,0.05,0.05,3,2,1,5,"phase, ductile, elasticplastic, mech, development",5,-0.22382446597655292,0.779093405016202,-3.0084306853351825,285
14192,0.01,0.05,0.05,3,2,4,5,"composite, filler, deformable, rigid, wall",5,0.13780808034191855,0.44615824914614033,-6.736147954182362,285
14193,0.01,0.05,0.05,3,2,2,5,"creep, plasticity, process, represent, inelastic",5,-0.03683350527793114,0.48623848883930876,-2.1901590763389294,285
14194,0.01,0.05,0.05,3,2,2,5,"growth, diffusion, system, stress, mass",5,0.009167912390160578,0.44899335279564684,-2.3567664533994517,285
14195,0.01,0.05,0.05,3,2,1,5,"tire, st, road, computational, method",5,0.14774932319797351,0.5720280083386012,-0.5369629526343088,285
14196,0.01,0.05,0.05,3,2,2,5,"representation, first, flow, motion, core",5,0.07747719911834439,0.5951726285438419,-2.2177100758805364,285
14197,0.01,0.05,0.05,3,2,2,5,"fem, fatigue, fft, method, cyclic",5,0.17555791058689132,0.5599419179508237,-2.218905120524123,285
14198,0.01,0.05,0.05,3,2,1,5,"magnetic, couple, relation, implicit, scheme",5,0.01501608630187357,0.5546486832910343,-1.9952841311749545,285
14199,0.01,0.05,0.05,3,2,1,5,"population, computational, infection, construction, global",5,-0.1345821755847436,0.5880984537339918,-2.348715503109893,285
14200,0.01,0.05,0.05,3,2,1,5,"level, multiplicative, simulation, peridynamics, elastoplasticity",5,-0.14657583476537767,0.740525047047015,-2.872749733058394,285
14201,0.01,0.05,0.05,3,2,3,5,"deep, design, geometry, optimization, learning",5,0.19440204368485517,0.48529099416128946,-2.0574982651000546,285
14202,0.01,0.05,0.05,3,2,1,5,"different, field, formulation, approximation, electric",5,0.0659747493314361,0.5767121332717514,-2.4676445364751673,285
14203,0.01,0.05,0.05,3,2,1,5,"water, object, instability, solid, body",5,-0.0909462806548896,0.6509205853081614,-2.117504571581228,285
14204,0.01,0.05,0.05,3,2,2,5,"elastic, anisotropy, crystal, plasticity, account",5,0.1319063448368746,0.6143599073224004,-1.9241453576332563,285
14205,0.01,0.05,0.05,3,2,1,5,"rate, viscoplastic, strain, formulation, case",5,0.02279619108190538,0.7020356136154817,-1.4323612609448673,285
14206,0.01,0.05,0.05,3,2,1,5,"mesh, move, computation, boundary, first",5,0.08444279055255752,0.5674521654772643,-1.7059210286697204,285
14207,0.01,0.05,0.05,3,2,1,5,"macroscopic, limit, sheet, penalty, level",5,-0.23535238569602432,0.6543449261028806,-2.63519597882297,285
14208,0.01,0.05,0.05,3,2,1,5,"model, quantify, uncertainty, solver, used",5,-0.03713683767995028,0.48570263872863234,-3.024326193246902,285
14209,0.01,0.05,0.05,3,2,1,5,"polycrystalline, cylindrical, grain, isotropic, effective",5,0.1053048673552047,0.8928307786278573,-2.179982184310018,285
14210,0.01,0.05,0.05,3,2,1,5,"flow, mesh, st, representation, computational",5,0.1306903070130206,0.7186321882183596,-1.2038590762431833,285
14211,0.01,0.05,0.05,3,2,1,5,"plastic, slip, fluctuation, stochastic, dislocation",5,0.25324327222699256,0.7284466420895311,-2.6013708260671966,285
14212,0.01,0.05,0.05,3,2,1,5,"weld, track, metallic, residual, component",5,0.19547245395078253,0.5114754420475169,-1.915808151780293,285
14213,0.01,0.05,0.05,3,2,1,5,"boundary, treatment, numerical, shock, fractional",5,0.10482567110245058,0.5215288830668532,-3.0929708676266126,285
14214,0.01,0.05,0.05,3,2,1,5,"domain, procedure, interior, behavior, solid",5,-0.10017180695204245,0.3692173808233618,-2.5272347674689475,285
14215,0.01,0.05,0.05,3,2,1,5,"crack, node, propagation, mass, heterogeneous",5,0.016568868186638087,0.709591471230778,-2.4324985756550843,285
14216,0.01,0.05,0.05,3,2,1,5,"point, lattice, structure, defect, design",5,0.04177374964207985,0.5705426828148331,-2.2378861462717348,285
14217,0.01,0.05,0.05,3,2,1,5,"rotational, beam, solid, orientation, potential",5,0.08950778846905277,0.7677097739714495,-2.4869824340670057,285
14218,0.01,0.05,0.05,3,2,1,5,"gradient, smooth, order, elasticity, strain",5,0.10080216228498248,0.5020164803922164,-2.0084008970357736,285
