node_id,eta,gamma,depth,alpha,top_k,top_words,word_count,node_npmi,node_c_v,node_u_mass,global_npmi,global_c_v,global_u_mass,iteration,layer,document_count
0,0.02,0.05,3,0.1,5,"method, use, model, element, propose",5,0.0138859241469515,0.4857301580546586,-0.6038003499812621,0.0548660682262509,0.5482608232464535,-2.655831973735068,155,0,970
1,0.02,0.05,3,0.1,5,"model, material, simulation, response, crack",5,0.0144710412645976,0.6655178206968821,-1.6557851714001788,0.0548660682262509,0.5482608232464535,-2.655831973735068,155,1,412
2,0.02,0.05,3,0.1,5,"spacetime, fsi, system, matrix, iterative",5,-0.020705648429375,0.3636511198208401,-2.200704638084068,0.0548660682262509,0.5482608232464535,-2.655831973735068,155,2,7
3731,0.02,0.05,3,0.1,5,"boundary, condition, wave, lattice, timedependent",5,0.0212571575404668,0.4395128263849366,-5.110645844085789,0.0548660682262509,0.5482608232464535,-2.655831973735068,155,2,4
4551,0.02,0.05,3,0.1,5,"cut, particle, process, shear, metal",5,0.0465644267059437,0.4714018017210731,-2.086243541205507,0.0548660682262509,0.5482608232464535,-2.655831973735068,155,2,5
1416,0.02,0.05,3,0.1,5,"optimization, topology, material, design, structural",5,0.2221380095788683,0.5476841823254956,-1.285780560409872,0.0548660682262509,0.5482608232464535,-2.655831973735068,155,2,12
449,0.02,0.05,3,0.1,5,"cluster, interaction, analysis, reduce, al",5,0.0662922826521537,0.4740888315472872,-1.7918758214065864,0.0548660682262509,0.5482608232464535,-2.655831973735068,155,2,7
983,0.02,0.05,3,0.1,5,"computational, reduce, procedure, nonlinear, stiffness",5,0.037008300951685,0.521410975480535,-2.0176819227847607,0.0548660682262509,0.5482608232464535,-2.655831973735068,155,1,13
66,0.02,0.05,3,0.1,5,"model, uncertainty, error, reduction, bayesian",5,0.1454953941644579,0.544925687924262,-2.5694768748179806,0.0548660682262509,0.5482608232464535,-2.655831973735068,155,2,15
3,0.02,0.05,3,0.1,5,"process, manufacturing, laser, additive, powder",5,0.4384752163045585,0.8847509570073022,-1.3109658989904416,0.0548660682262509,0.5482608232464535,-2.655831973735068,155,1,17
4215,0.02,0.05,3,0.1,5,"shock, kernel, integration, reproduce, nodal",5,0.2023064889830661,0.7777957877220626,-1.5027283413911936,0.0548660682262509,0.5482608232464535,-2.655831973735068,155,2,5
463,0.02,0.05,3,0.1,5,"model, provide, covid, spread, disease",5,0.1080261799143934,0.6575175607833399,-2.685961985728463,0.0548660682262509,0.5482608232464535,-2.655831973735068,155,2,15
1490,0.02,0.05,3,0.1,5,"magnetic, scheme, material, couple, mechanical",5,0.0532971495704135,0.6843878165989579,-1.200957486780107,0.0548660682262509,0.5482608232464535,-2.655831973735068,155,1,12
53,0.02,0.05,3,0.1,5,"damage, crack, fracture, mesh, evolution",5,0.0900387282425257,0.5966659949865859,-1.3483551585643907,0.0548660682262509,0.5482608232464535,-2.655831973735068,155,2,10
2918,0.02,0.05,3,0.1,5,"approximation, meshfree, formulation, plate, kernel",5,0.1316451299671235,0.8099783553754847,-1.8757376108048072,0.0548660682262509,0.5482608232464535,-2.655831973735068,155,2,8
3037,0.02,0.05,3,0.1,5,"microstructures, microstructure, homogenization, strength, artificial",5,0.0556118016787964,0.576768496268094,-4.542233317977034,0.0548660682262509,0.5482608232464535,-2.655831973735068,155,2,7
4330,0.02,0.05,3,0.1,5,"mesh, element, cisamr, structure, conform",5,0.1814717704443944,0.6398419673028262,-2.087689071154346,0.0548660682262509,0.5482608232464535,-2.655831973735068,155,2,4
1918,0.02,0.05,3,0.1,5,"shell, function, isogeometric, refinement, phase",5,0.0059998683816219,0.48594100472444,-2.4212169836072595,0.0548660682262509,0.5482608232464535,-2.655831973735068,155,2,11
1471,0.02,0.05,3,0.1,5,"region, phasefield, microstructures, resolve, transition",5,0.0612104897385169,0.6220724282558397,-2.6775855107292315,0.0548660682262509,0.5482608232464535,-2.655831973735068,155,2,5
1046,0.02,0.05,3,0.1,5,"identification, structural, response, input, modal",5,0.1321502259181861,0.6060187423483343,-2.4127600401847364,0.0548660682262509,0.5482608232464535,-2.655831973735068,155,2,3
953,0.02,0.05,3,0.1,5,"damage, stress, model, gradient, local",5,0.0433668052405109,0.5351667784939088,-1.6210847978595802,0.0548660682262509,0.5482608232464535,-2.655831973735068,155,1,12
2320,0.02,0.05,3,0.1,5,"element, rotation, shell, displacement, crack",5,0.0790318630003761,0.4710110879438766,-2.012872666642389,0.0548660682262509,0.5482608232464535,-2.655831973735068,155,1,22
306,0.02,0.05,3,0.1,5,"particle, fluid, solid, interaction, data",5,-0.0007991617650523,0.5793994229695741,-1.6985567245416806,0.0548660682262509,0.5482608232464535,-2.655831973735068,155,2,8
321,0.02,0.05,3,0.1,5,"response, random, stochastic, structure, frequency",5,0.0883486530968442,0.6501758252592156,-2.0673253263474813,0.0548660682262509,0.5482608232464535,-2.655831973735068,155,2,11
4426,0.02,0.05,3,0.1,5,"element, shell, stress, shear, surface",5,0.0698001112088638,0.6004346271011897,-1.7739845695576022,0.0548660682262509,0.5482608232464535,-2.655831973735068,155,2,9
481,0.02,0.05,3,0.1,5,"model, peridynamic, continuum, nonlocal, crack",5,0.0874984160227009,0.8235736433001509,-1.7843809522298275,0.0548660682262509,0.5482608232464535,-2.655831973735068,155,2,7
71,0.02,0.05,3,0.1,5,"material, lattice, stress, data, elastic",5,0.0274757112696389,0.5244984809419465,-1.902229298971808,0.0548660682262509,0.5482608232464535,-2.655831973735068,155,2,13
214,0.02,0.05,3,0.1,5,"grain, stress, laser, process, residual",5,0.1774414473723035,0.7503870362013271,-1.7174100661146212,0.0548660682262509,0.5482608232464535,-2.655831973735068,155,2,11
1249,0.02,0.05,3,0.1,5,"strain, lock, formulation, solidshell, element",5,0.1553962614699616,0.7203884972436198,-1.4486550617149894,0.0548660682262509,0.5482608232464535,-2.655831973735068,155,2,7
122,0.02,0.05,3,0.1,5,"contact, isogeometric, problem, nurbs, formulation",5,0.0485914034925484,0.3279915782246522,-1.4272589995890104,0.0548660682262509,0.5482608232464535,-2.655831973735068,155,2,11
567,0.02,0.05,3,0.1,5,"interface, cohesive, composite, crack, interfacial",5,0.1893131781460645,0.6759800356271931,-2.060169771326261,0.0548660682262509,0.5482608232464535,-2.655831973735068,155,2,7
4014,0.02,0.05,3,0.1,5,"stochastic, random, uncertainty, probabilistic, mesoscale",5,0.219035045853422,0.8430551910864615,-1.689156436651298,0.0548660682262509,0.5482608232464535,-2.655831973735068,155,2,9
606,0.02,0.05,3,0.1,5,"beam, rod, interpolation, freedom, rotational",5,0.1770578992236312,0.7595707875232831,-2.1212146731046806,0.0548660682262509,0.5482608232464535,-2.655831973735068,155,1,12
627,0.02,0.05,3,0.1,5,"contact, friction, formulation, interface, constraint",5,0.1228235454563313,0.5149636009394821,-1.5314184381716422,0.0548660682262509,0.5482608232464535,-2.655831973735068,155,2,14
129,0.02,0.05,3,0.1,5,"beam, theory, shear, homogenization, rve",5,0.0103098826339609,0.6290588908443138,-2.2325857828780937,0.0548660682262509,0.5482608232464535,-2.655831973735068,155,2,5
2735,0.02,0.05,3,0.1,5,"integration, moment, quadrature, rule, mesh",5,0.1556656203966925,0.8375272481556794,-1.5038441112293126,0.0548660682262509,0.5482608232464535,-2.655831973735068,155,2,3
787,0.02,0.05,3,0.1,5,"fiber, tensile, reinforce, loading, failure",5,0.1815763905467381,0.7274869825968551,-1.6864549119049912,0.0548660682262509,0.5482608232464535,-2.655831973735068,155,2,8
2357,0.02,0.05,3,0.1,5,"bem, fast, matrix, new, solver",5,0.2103256539508885,0.5578778819887802,-1.6079248696149526,0.0548660682262509,0.5482608232464535,-2.655831973735068,155,1,8
137,0.02,0.05,3,0.1,5,"improve, quadrature, reproduce, due, convergence",5,-0.0056147887343437,0.6556939121969458,-2.10885648795558,0.0548660682262509,0.5482608232464535,-2.655831973735068,155,1,13
2190,0.02,0.05,3,0.1,5,"erosion, model, flow, update, particle",5,0.094703041237143,0.375230863462108,-1.7129304585099034,0.0548660682262509,0.5482608232464535,-2.655831973735068,155,1,12
2917,0.02,0.05,3,0.1,5,"shell, shape, analysis, surface, cylinder",5,0.0952406501130447,0.6358540992233268,-2.3663386139530465,0.0548660682262509,0.5482608232464535,-2.655831973735068,155,1,14
3737,0.02,0.05,3,0.1,5,"mesh, fluid, move, fsi, computation",5,0.1227807359938299,0.6667660195990173,-2.250833500345163,0.0548660682262509,0.5482608232464535,-2.655831973735068,155,2,4
1893,0.02,0.05,3,0.1,5,"element, vem, problem, virtual, elasticity",5,0.1559322834567749,0.6242276921207789,-1.8784658407670365,0.0548660682262509,0.5482608232464535,-2.655831973735068,155,2,7
3691,0.02,0.05,3,0.1,5,"approach, source, construct, information, work",5,0.0657379820165749,0.509470264023139,-2.2479900154899037,0.0548660682262509,0.5482608232464535,-2.655831973735068,155,1,23
607,0.02,0.05,3,0.1,5,"rotation, element, formulation, c, variable",5,0.0815129050466794,0.4744776620115932,-1.9367196203111117,0.0548660682262509,0.5482608232464535,-2.655831973735068,155,2,7
1246,0.02,0.05,3,0.1,5,"contact, force, stable, influence, smoothed",5,-0.1118615804159945,0.3267573981989331,-4.985373865344424,0.0548660682262509,0.5482608232464535,-2.655831973735068,155,2,4
3625,0.02,0.05,3,0.1,5,"fiber, volume, composite, distribution, algorithm",5,0.1049213883340647,0.5978333949481247,-1.6147428374643904,0.0548660682262509,0.5482608232464535,-2.655831973735068,155,2,6
4162,0.02,0.05,3,0.1,5,"fractional, equation, diffusion, element, numerical",5,0.1147767654534464,0.6746036600811921,-0.736831191733326,0.0548660682262509,0.5482608232464535,-2.655831973735068,155,2,5
2386,0.02,0.05,3,0.1,5,"plastic, elastic, decomposition, elastoplastic, strain",5,0.1771389738279497,0.7009604411920474,-1.6778080093927183,0.0548660682262509,0.5482608232464535,-2.655831973735068,155,1,10
6,0.02,0.05,3,0.1,5,"mesh, flow, isogeometric, computation, analysis",5,0.1077103747418571,0.7476287476160046,-1.3339587600185223,0.0548660682262509,0.5482608232464535,-2.655831973735068,155,1,15
2535,0.02,0.05,3,0.1,5,"element, mode, modal, displacement, generalize",5,0.1244205542644515,0.6661451987410706,-2.2842089369859058,0.0548660682262509,0.5482608232464535,-2.655831973735068,155,2,3
2102,0.02,0.05,3,0.1,5,"crack, pd, xfem, tip, fracture",5,0.2700993273789834,0.7997977767229216,-1.4592370922342806,0.0548660682262509,0.5482608232464535,-2.655831973735068,155,2,13
26,0.02,0.05,3,0.1,5,"meshfree, modification, several, loading, easy",5,-0.2633766941516741,0.3915036198046326,-5.074047199043815,0.0548660682262509,0.5482608232464535,-2.655831973735068,155,1,5
412,0.02,0.05,3,0.1,5,"function, loss, pinn, neural, mechanic",5,0.174576857137986,0.4632330831369705,-2.6250010038730003,0.0548660682262509,0.5482608232464535,-2.655831973735068,155,1,7
28,0.02,0.05,3,0.1,5,"shell, outofplane, midsurface, surface, location",5,0.0774215973298961,0.5437188254245526,-1.8402256757096365,0.0548660682262509,0.5482608232464535,-2.655831973735068,155,2,2
3879,0.02,0.05,3,0.1,5,"optimization, topology, design, structure, multiscale",5,0.1700695192673748,0.5121313439505066,-1.3945599846121854,0.0548660682262509,0.5482608232464535,-2.655831973735068,155,1,10
40,0.02,0.05,3,0.1,5,"predict, part, residual, build, mesh",5,0.1204661749749169,0.5000118106251682,-2.0993469724701583,0.0548660682262509,0.5482608232464535,-2.655831973735068,155,2,7
35,0.02,0.05,3,0.1,5,"covid, number, pandemic, air, strategy",5,0.1964800870457192,0.7184430257496969,-1.8199546973682492,0.0548660682262509,0.5482608232464535,-2.655831973735068,155,1,6
3357,0.02,0.05,3,0.1,5,"state, variable, choose, scheme, generic",5,-0.0210967889235184,0.3842815613738559,-2.8153701237540885,0.0548660682262509,0.5482608232464535,-2.655831973735068,155,1,7
937,0.02,0.05,3,0.1,5,"three, crack, problem, scheme, lattice",5,-0.0103755826691939,0.3294736706016292,-2.399248648609608,0.0548660682262509,0.5482608232464535,-2.655831973735068,155,1,13
725,0.02,0.05,3,0.1,5,"virtual, two, polynomial, edge, stabilization",5,-0.0242964710999584,0.4223964167806767,-2.543258821592844,0.0548660682262509,0.5482608232464535,-2.655831973735068,155,1,14
445,0.02,0.05,3,0.1,5,"datadriven, material, data, polymer, composite",5,0.0190219973175062,0.6573838690225458,-2.1159274653374807,0.0548660682262509,0.5482608232464535,-2.655831973735068,155,2,6
581,0.02,0.05,3,0.1,5,"flow, framework, zss, design, compressible",5,-0.0143701815174989,0.4420366592670718,-2.644470088308581,0.0548660682262509,0.5482608232464535,-2.655831973735068,155,2,4
4279,0.02,0.05,3,0.1,5,"fiber, strain, material, matrix, direction",5,0.0219642207218257,0.5970724445192583,-1.7071453866810722,0.0548660682262509,0.5482608232464535,-2.655831973735068,155,1,6
5056,0.02,0.05,3,0.1,5,"design, material, structural, lattice, structure",5,0.1172190140411081,0.6744760307866577,-1.794938114951318,0.0548660682262509,0.5482608232464535,-2.655831973735068,155,2,6
5144,0.02,0.05,3,0.1,5,"turbine, blade, wind, condition, analysis",5,0.2510422637109418,0.5384462921683724,-1.0759314840094494,0.0548660682262509,0.5482608232464535,-2.655831973735068,155,1,3
5353,0.02,0.05,3,0.1,5,"fracture, pressure, mixed, displacement, medium",5,0.1012776687841469,0.4663290610030726,-2.049703231450158,0.0548660682262509,0.5482608232464535,-2.655831973735068,155,2,7
5396,0.02,0.05,3,0.1,5,"optimization, material, structural, structure, behavior",5,0.0920605582728806,0.5746184030224288,-1.553319191869485,0.0548660682262509,0.5482608232464535,-2.655831973735068,155,1,3
5705,0.02,0.05,3,0.1,5,"element, part, plate, virtual, vem",5,0.1301424260315681,0.6225806383691099,-2.8207929718978866,0.0548660682262509,0.5482608232464535,-2.655831973735068,155,2,5
5748,0.02,0.05,3,0.1,5,"fiber, orientation, state, effective, reinforce",5,0.1106740149628224,0.7540524366475012,-1.9554247647049263,0.0548660682262509,0.5482608232464535,-2.655831973735068,155,2,4
5868,0.02,0.05,3,0.1,5,"different, basis, pdes, exhibit, simulate",5,-0.1662348740133847,0.3916010382449931,-2.6266236260187634,0.0548660682262509,0.5482608232464535,-2.655831973735068,155,1,8
5970,0.02,0.05,3,0.1,5,"contact, body, local, pointwise, interaction",5,0.1781067869584737,0.5836123891401301,-2.2135526975683377,0.0548660682262509,0.5482608232464535,-2.655831973735068,155,2,5
6418,0.02,0.05,3,0.1,5,"matrix, shell, approximate, polynomial, surface",5,-0.0059932316496452,0.4093922138560429,-2.4439830939779545,0.0548660682262509,0.5482608232464535,-2.655831973735068,155,1,10
6766,0.02,0.05,3,0.1,5,"damage, pd, nonlocal, local, peridynamics",5,0.1594585633970976,0.7242978451772444,-2.138101704808304,0.0548660682262509,0.5482608232464535,-2.655831973735068,155,2,5
6946,0.02,0.05,3,0.1,5,"rubber, change, step, material, phase",5,0.0831123303036107,0.4581820015237795,-1.5816792683904335,0.0548660682262509,0.5482608232464535,-2.655831973735068,155,2,4
7287,0.02,0.05,3,0.1,5,"collocation, meshless, mixed, homogeneous, square",5,-0.0361424346876357,0.7546884928062637,-2.0940878664221083,0.0548660682262509,0.5482608232464535,-2.655831973735068,155,2,4
7742,0.02,0.05,3,0.1,5,"electrical, branch, electric, occur, multiple",5,-0.032601409145302,0.5126698222334246,-2.2274395255390336,0.0548660682262509,0.5482608232464535,-2.655831973735068,155,1,5
7837,0.02,0.05,3,0.1,5,"discontinuity, sve, size, macroscopic, multiscale",5,0.0993204660870622,0.6268934248090812,-1.9371214520375664,0.0548660682262509,0.5482608232464535,-2.655831973735068,155,1,10
8337,0.02,0.05,3,0.1,5,"mass, order, matrix, superconvergent, high",5,0.2455194673497271,0.7263320224392743,-2.004541728624897,0.0548660682262509,0.5482608232464535,-2.655831973735068,155,2,2
8509,0.02,0.05,3,0.1,5,"model, couple, investigate, system, wave",5,0.0245048026513344,0.5777026103943392,-2.2748206377609126,0.0548660682262509,0.5482608232464535,-2.655831973735068,155,1,9
8583,0.02,0.05,3,0.1,5,"contact, solution, adhesive, surface, solve",5,0.0833983681523077,0.580416427301979,-1.607459392173649,0.0548660682262509,0.5482608232464535,-2.655831973735068,155,2,6
8908,0.02,0.05,3,0.1,5,"linear, challenge, specimen, geometry, viscoplastic",5,-0.147132905451856,0.5473308935972098,-3.0301849928664306,0.0548660682262509,0.5482608232464535,-2.655831973735068,155,1,3
9191,0.02,0.05,3,0.1,5,"biofilm, composite, laminate, failure, growth",5,0.0552516431490307,0.4599136424472405,-7.556407260105904,0.0548660682262509,0.5482608232464535,-2.655831973735068,155,2,6
9365,0.02,0.05,3,0.1,5,"error, basis, reduce, pod, pure",5,0.0379648589587175,0.5659036841184409,-2.565649235940456,0.0548660682262509,0.5482608232464535,-2.655831973735068,155,1,16
10324,0.02,0.05,3,0.1,5,"metamaterials, acoustic, direct, boundary, composite",5,0.0515882864690495,0.5713972449549154,-1.5719084085970905,0.0548660682262509,0.5482608232464535,-2.655831973735068,155,2,5
10852,0.02,0.05,3,0.1,5,"fracture, phasefield, parameter, propose, mesh",5,0.0319478919132148,0.484906751089864,-1.1895179982564927,0.0548660682262509,0.5482608232464535,-2.655831973735068,155,2,6
11104,0.02,0.05,3,0.1,5,"et, al, eng, comput, mech",5,0.7414413740885185,0.9899769797300516,-0.4020008920774822,0.0548660682262509,0.5482608232464535,-2.655831973735068,155,2,8
11113,0.02,0.05,3,0.1,5,"function, crack, enrichment, fracture, gxfem",5,0.1012669000199029,0.6773431398550099,-2.772278541785861,0.0548660682262509,0.5482608232464535,-2.655831973735068,155,1,9
11185,0.02,0.05,3,0.1,5,"system, energy, framework, multiple, provide",5,0.0067488553892723,0.4640313812967586,-1.8877231381849249,0.0548660682262509,0.5482608232464535,-2.655831973735068,155,2,4
11425,0.02,0.05,3,0.1,5,"plate, shear, displacement, element, mixed",5,0.0904872796544939,0.717380819136398,-1.2708420533562637,0.0548660682262509,0.5482608232464535,-2.655831973735068,155,1,11
11507,0.02,0.05,3,0.1,5,"fluid, principle, minimization, mass, flux",5,0.2015389713385333,0.5548503209785481,-2.9152836623452947,0.0548660682262509,0.5482608232464535,-2.655831973735068,155,1,5
11763,0.02,0.05,3,0.1,5,"system, multibody, dynamic, uncertainty, energy",5,0.1060304448262904,0.5542023974365147,-2.1007341829024524,0.0548660682262509,0.5482608232464535,-2.655831973735068,155,2,8
11889,0.02,0.05,3,0.1,5,"property, thermal, conductivity, reconstruction, several",5,0.0038321179291206,0.4801557740774881,-2.5336599099341783,0.0548660682262509,0.5482608232464535,-2.655831973735068,155,1,11
11957,0.02,0.05,3,0.1,5,"diffusion, concentration, growth, system, continuity",5,-0.032084159672882,0.5882226758738273,-2.383408907667566,0.0548660682262509,0.5482608232464535,-2.655831973735068,155,1,6
12052,0.02,0.05,3,0.1,5,"deformation, thermal, cubic, structural, thermodynamic",5,0.0403096050823689,0.3674144806002938,-3.026156013993677,0.0548660682262509,0.5482608232464535,-2.655831973735068,155,1,2
12130,0.02,0.05,3,0.1,5,"article, publish, original, error, version",5,0.1946431657311925,0.5665670247068434,-2.2610963148619145,0.0548660682262509,0.5482608232464535,-2.655831973735068,155,1,12
12347,0.02,0.05,3,0.1,5,"mechanistic, progressive, accumulation, reveal, localize",5,0.1131150087871316,0.7183756646145071,-2.2075156726411898,0.0548660682262509,0.5482608232464535,-2.655831973735068,155,1,4
12629,0.02,0.05,3,0.1,5,"bone, compression, asymmetric, tension, isotropic",5,0.1479194590738851,0.8096826044979057,-1.3225099861707423,0.0548660682262509,0.5482608232464535,-2.655831973735068,155,2,3
12653,0.02,0.05,3,0.1,5,"deformable, object, realtime, tissue, virtual",5,-0.00641401631487,0.6135434941885439,-2.1901069927586234,0.0548660682262509,0.5482608232464535,-2.655831973735068,155,2,3
12839,0.02,0.05,3,0.1,5,"polymer, deformation, mechanical, chain, constitutive",5,0.0630978812740804,0.7084299385953063,-1.6331412164079349,0.0548660682262509,0.5482608232464535,-2.655831973735068,155,1,4
12925,0.02,0.05,3,0.1,5,"cell, within, tissue, process, differentiation",5,0.1584456251947548,0.6896087830210854,-2.453433808895946,0.0548660682262509,0.5482608232464535,-2.655831973735068,155,2,4
13041,0.02,0.05,3,0.1,5,"sensitivity, implementation, analysis, shape, microscopic",5,-0.0803944950837628,0.4462873698974926,-2.4521159058716107,0.0548660682262509,0.5482608232464535,-2.655831973735068,155,2,4
13198,0.02,0.05,3,0.1,5,"error, mesh, refinement, local, approximation",5,0.1512838797549624,0.5424994861037795,-1.6938495926341914,0.0548660682262509,0.5482608232464535,-2.655831973735068,155,2,3
13484,0.02,0.05,3,0.1,5,"crack, anisotropic, energy, fracture, material",5,0.129409441347191,0.7032154997552726,-1.2092540824965805,0.0548660682262509,0.5482608232464535,-2.655831973735068,155,1,3
13546,0.02,0.05,3,0.1,5,"contact, beam, surface, algorithm, frictionless",5,0.1210922368911753,0.5147789985376414,-2.140044746043051,0.0548660682262509,0.5482608232464535,-2.655831973735068,155,2,5
13564,0.02,0.05,3,0.1,5,"time, algorithm, function, strongly, dynamical",5,-0.0068045323168303,0.5419290261431342,-2.918309319137649,0.0548660682262509,0.5482608232464535,-2.655831973735068,155,2,2
13660,0.02,0.05,3,0.1,5,"mech, work, al, appl, eng",5,0.4832276117719397,0.904964156644095,-1.3628185487394415,0.0548660682262509,0.5482608232464535,-2.655831973735068,155,2,5
13776,0.02,0.05,3,0.1,5,"learn, equation, task, design, deep",5,0.0096668751339436,0.4202839004131199,-2.479705930406957,0.0548660682262509,0.5482608232464535,-2.655831973735068,155,2,4
13893,0.02,0.05,3,0.1,5,"semianalytical, homogenization, microstructure, homogenize, classical",5,-0.3172227389074822,0.8591085725304952,-2.208116071808836,0.0548660682262509,0.5482608232464535,-2.655831973735068,155,1,6
14105,0.02,0.05,3,0.1,5,"optimization, two, uncertainty, space, convergence",5,-0.0087041281981025,0.3845877514004819,-2.308399480571095,0.0548660682262509,0.5482608232464535,-2.655831973735068,155,2,6
14228,0.02,0.05,3,0.1,5,"force, parameter, smooth, constitutive, manner",5,-0.0527447200322672,0.25050768833307,-2.8416481716986883,0.0548660682262509,0.5482608232464535,-2.655831973735068,155,1,2
14307,0.02,0.05,3,0.1,5,"contact, force, jacobian, treatment, slide",5,-0.1112754495084784,0.3809738919860398,-2.9375287286176244,0.0548660682262509,0.5482608232464535,-2.655831973735068,155,1,7
14313,0.02,0.05,3,0.1,5,"neural, network, deep, hierarchical, block",5,0.4524001740210117,0.8200721936524348,-1.9574774557897243,0.0548660682262509,0.5482608232464535,-2.655831973735068,155,1,6
14519,0.02,0.05,3,0.1,5,"sph, particle, instability, kernel, impact",5,0.1848264137164581,0.8087080792502391,-1.4991354682482343,0.0548660682262509,0.5482608232464535,-2.655831973735068,155,2,4
14658,0.02,0.05,3,0.1,5,"scheme, accuracy, linear, algorithmic, dissipation",5,0.1380703913911717,0.5243179591229717,-2.867226466350444,0.0548660682262509,0.5482608232464535,-2.655831973735068,155,2,3
14859,0.02,0.05,3,0.1,5,"implementation, principal, stretch, similar, symmetric",5,0.063021043834543,0.5156542774108318,-2.6859222775888734,0.0548660682262509,0.5482608232464535,-2.655831973735068,155,1,8
14990,0.02,0.05,3,0.1,5,"tissue, temperature, heat, damage, power",5,0.0225998787554374,0.5324547085933851,-2.441130612049073,0.0548660682262509,0.5482608232464535,-2.655831973735068,155,2,5
15009,0.02,0.05,3,0.1,5,"poroelastic, ann, generalization, generic, ratio",5,-0.3622762378517553,0.406398414639365,-10.267435781413006,0.0548660682262509,0.5482608232464535,-2.655831973735068,155,1,5
15059,0.02,0.05,3,0.1,5,"fold, plate, rotation, crack, discontinuous",5,0.2049958509728201,0.4381759547561119,-1.8715202166343128,0.0548660682262509,0.5482608232464535,-2.655831973735068,155,1,5
15094,0.02,0.05,3,0.1,5,"elastic, contact, anisotropy, continuum, dem",5,0.1374358512214887,0.5394378814811697,-3.1323707465266626,0.0548660682262509,0.5482608232464535,-2.655831973735068,155,2,3
15100,0.02,0.05,3,0.1,5,"parameter, strain, test, identification, optimization",5,0.0105429987264095,0.4736761270208503,-2.4325003400097827,0.0548660682262509,0.5482608232464535,-2.655831973735068,155,2,3
15262,0.02,0.05,3,0.1,5,"release, system, material, field, process",5,0.0338532561165012,0.5604809344234845,-1.247839249821598,0.0548660682262509,0.5482608232464535,-2.655831973735068,155,1,6
15380,0.02,0.05,3,0.1,5,"fractional, equation, differential, function, derivative",5,0.2575694282957331,0.7686856358290493,-1.3757810087533393,0.0548660682262509,0.5482608232464535,-2.655831973735068,155,2,5
15463,0.02,0.05,3,0.1,5,"pgd, global, module, propagation, parametric",5,-0.2051033192471297,0.4529242377793453,-2.1257909407184803,0.0548660682262509,0.5482608232464535,-2.655831973735068,155,2,2
15571,0.02,0.05,3,0.1,5,"model, inversion, ensemble, highfidelity, nonintrusive",5,0.0293347196336148,0.6502920127197334,-2.7972735980645758,0.0548660682262509,0.5482608232464535,-2.655831973735068,155,1,9
15599,0.02,0.05,3,0.1,5,"microscopic, macroscopic, hand, side, matrix",5,0.1532953850313834,0.3142588495188155,-2.651068561104493,0.0548660682262509,0.5482608232464535,-2.655831973735068,155,1,3
15750,0.02,0.05,3,0.1,5,"damage, surface, algorithmic, sense, subdomain",5,-0.1866378441703744,0.3057277559734611,-7.772559772059607,0.0548660682262509,0.5482608232464535,-2.655831973735068,155,1,13
15788,0.02,0.05,3,0.1,5,"element, mesh, tetrahedral, linear, hexahedral",5,0.2349693084811803,0.6230342753928628,-2.65468537801383,0.0548660682262509,0.5482608232464535,-2.655831973735068,155,2,7
15795,0.02,0.05,3,0.1,5,"plastic, shear, mixed, band, capacity",5,0.1180011192408475,0.7673615686982487,-2.5893165533470808,0.0548660682262509,0.5482608232464535,-2.655831973735068,155,1,11
15821,0.02,0.05,3,0.1,5,"integral, boundary, line, calculate, nearly",5,0.0848226176887473,0.3260380882441959,-4.99070771579653,0.0548660682262509,0.5482608232464535,-2.655831973735068,155,2,4
15841,0.02,0.05,3,0.1,5,"macroscale, mesoscale, anisotropic, calibration, integrator",5,-0.259583019286205,0.5282366353992096,-11.051956978385345,0.0548660682262509,0.5482608232464535,-2.655831973735068,155,1,5
15874,0.02,0.05,3,0.1,5,"parametric, gaussian, data, process, capable",5,0.1797135150549938,0.5196003643491998,-2.170604272864176,0.0548660682262509,0.5482608232464535,-2.655831973735068,155,2,1
15901,0.02,0.05,3,0.1,5,"gradient, reproduce, kernel, meshfree, derivative",5,0.2919331703140131,0.8027342602745877,-2.0891915865730515,0.0548660682262509,0.5482608232464535,-2.655831973735068,155,2,5
16005,0.02,0.05,3,0.1,5,"cg, flux, discontinuous, potential, fem",5,-0.1278804548347961,0.6109248832161092,-3.84057306681772,0.0548660682262509,0.5482608232464535,-2.655831973735068,155,1,4
16006,0.02,0.05,3,0.1,5,"probability, equation, density, evolution, system",5,0.2124148612765223,0.6802489108112968,-1.4839065071741806,0.0548660682262509,0.5482608232464535,-2.655831973735068,155,2,4
16060,0.02,0.05,3,0.1,5,"st, flow, computational, computation, method",5,0.1372742701397579,0.6232858858868762,-0.5362164716601427,0.0548660682262509,0.5482608232464535,-2.655831973735068,155,1,8
16171,0.02,0.05,3,0.1,5,"fracture, phasefield, finding, summarize, start",5,-0.0774447607833352,0.6367043207639171,-2.4197921189886102,0.0548660682262509,0.5482608232464535,-2.655831973735068,155,2,2
16238,0.02,0.05,3,0.1,5,"representation, thin, membrane, stability, strain",5,0.0348269380588694,0.5099633692604846,-2.313238502710589,0.0548660682262509,0.5482608232464535,-2.655831973735068,155,1,9
16254,0.02,0.05,3,0.1,5,"reduction, mesoscopic, simulation, process, flow",5,-0.0555979715535896,0.3582455072065703,-3.947904762540959,0.0548660682262509,0.5482608232464535,-2.655831973735068,155,2,4
16271,0.02,0.05,3,0.1,5,"contact, inhomogeneity, algorithm, surface, direction",5,0.147126504675883,0.5798415065167901,-1.8910335578293271,0.0548660682262509,0.5482608232464535,-2.655831973735068,155,2,4
16393,0.02,0.05,3,0.1,5,"surface, inhomogeneity, effective, modulus, composite",5,0.0868701298703496,0.531999646271341,-2.260851880325374,0.0548660682262509,0.5482608232464535,-2.655831973735068,155,2,3
16478,0.02,0.05,3,0.1,5,"strain, localization, plane, stress, angle",5,0.2594539072845448,0.7297683653669759,-2.2823726501319834,0.0548660682262509,0.5482608232464535,-2.655831973735068,155,2,5
16486,0.02,0.05,3,0.1,5,"beam, matrix, constraint, implementation, mass",5,-0.083134597720661,0.6079227682448068,-2.57888018447935,0.0548660682262509,0.5482608232464535,-2.655831973735068,155,2,4
16554,0.02,0.05,3,0.1,5,"pressure, diffusion, computation, tire, st",5,-0.2614022835750466,0.3472437490172291,-8.826866548593184,0.0548660682262509,0.5482608232464535,-2.655831973735068,155,2,5
16636,0.02,0.05,3,0.1,5,"wave, mass, fourier, dispersion, propagation",5,0.1534104349319524,0.7344212398459072,-2.026219478495489,0.0548660682262509,0.5482608232464535,-2.655831973735068,155,2,3
16660,0.02,0.05,3,0.1,5,"difficult, damage, control, extremely, perform",5,-0.0206912571340556,0.4250533192085758,-2.594639885774757,0.0548660682262509,0.5482608232464535,-2.655831973735068,155,1,6
16695,0.02,0.05,3,0.1,5,"system, linear, solution, large, iterative",5,0.0690297225647362,0.4530868898945443,-1.9267173103524056,0.0548660682262509,0.5482608232464535,-2.655831973735068,155,2,3
16746,0.02,0.05,3,0.1,5,"interface, study, influence, electrical, contribution",5,0.1017898882391042,0.4174219536280081,-2.628574830325806,0.0548660682262509,0.5482608232464535,-2.655831973735068,155,2,2
16884,0.02,0.05,3,0.1,5,"particle, shape, dem, surface, contact",5,0.1538350921220694,0.6114929972476785,-1.826187253486617,0.0548660682262509,0.5482608232464535,-2.655831973735068,155,2,2
16901,0.02,0.05,3,0.1,5,"crack, surface, split, inside, track",5,-0.0186167085377238,0.3335827777381855,-4.985353966430457,0.0548660682262509,0.5482608232464535,-2.655831973735068,155,2,4
16942,0.02,0.05,3,0.1,5,"consolidation, peridynamic, porous, medium, incremental",5,0.1994943487773494,0.7124737881238621,-1.5602587074765322,0.0548660682262509,0.5482608232464535,-2.655831973735068,155,2,2
17183,0.02,0.05,3,0.1,5,"composite, multiscale, structural, analysis, structure",5,0.0743927172611811,0.560271387855661,-1.3717859668690813,0.0548660682262509,0.5482608232464535,-2.655831973735068,155,2,6
17222,0.02,0.05,3,0.1,5,"scheme, differentiation, automatic, level, fftbased",5,-0.0645710695875595,0.4404182687782101,-2.775414287799824,0.0548660682262509,0.5482608232464535,-2.655831973735068,155,2,6
17259,0.02,0.05,3,0.1,5,"x, matrix, u, parallel, k",5,0.0424968521595242,0.6064956592523012,-2.787666444738468,0.0548660682262509,0.5482608232464535,-2.655831973735068,155,1,6
17265,0.02,0.05,3,0.1,5,"shell, crack, mesh, background, structure",5,0.0887284076137152,0.4086472621453063,-1.9453844258621649,0.0548660682262509,0.5482608232464535,-2.655831973735068,155,2,2
17315,0.02,0.05,3,0.1,5,"discretization, approximation, similar, continuous, thin",5,-0.0999194894672245,0.4486501714560076,-2.572537623014355,0.0548660682262509,0.5482608232464535,-2.655831973735068,155,2,2
17354,0.02,0.05,3,0.1,5,"boundary, grain, slip, crystal, gradient",5,0.143811031540698,0.5569558469256011,-1.9583567464948968,0.0548660682262509,0.5482608232464535,-2.655831973735068,155,2,6
17395,0.02,0.05,3,0.1,5,"nonmatching, mortar, four, sequence, relevant",5,-0.5662140392663951,0.3010670168170632,-8.793646041668977,0.0548660682262509,0.5482608232464535,-2.655831973735068,155,1,4
17410,0.02,0.05,3,0.1,5,"function, domain, stiffness, design, physical",5,0.0403641135222183,0.4261985115396743,-2.2255388803845366,0.0548660682262509,0.5482608232464535,-2.655831973735068,155,2,3
17451,0.02,0.05,3,0.1,5,"method, freedom, degree, hybrid, approximation",5,0.1071580843507926,0.6057868844187208,-2.0523311503110664,0.0548660682262509,0.5482608232464535,-2.655831973735068,155,2,3
17452,0.02,0.05,3,0.1,5,"problem, nonsmooth, functional, primal, minimization",5,-0.0129117257720772,0.745427897428228,-2.558084508501088,0.0548660682262509,0.5482608232464535,-2.655831973735068,155,1,8
17454,0.02,0.05,3,0.1,5,"homogenization, unit, cell, composite, macroscopic",5,0.1699391573701977,0.6961083180086345,-1.7916489286839383,0.0548660682262509,0.5482608232464535,-2.655831973735068,155,2,4
17462,0.02,0.05,3,0.1,5,"multiphysics, material, frequency, design, lagrangian",5,-0.1004356822529496,0.5483760045286161,-2.683470751815769,0.0548660682262509,0.5482608232464535,-2.655831973735068,155,2,3
17693,0.02,0.05,3,0.1,5,"void, pressure, boundary, polycrystalline, cylindrical",5,-0.0021215508846008,0.400120203727162,-7.024488282336473,0.0548660682262509,0.5482608232464535,-2.655831973735068,155,2,3
17736,0.02,0.05,3,0.1,5,"crystal, orientation, polycrystalline, spectral, solver",5,-0.0398773781710644,0.6928732275618704,-2.122152909072705,0.0548660682262509,0.5482608232464535,-2.655831973735068,155,2,5
17754,0.02,0.05,3,0.1,5,"size, phase, move, band, constitutive",5,-0.0199422770241204,0.3293420040124503,-2.663969231407329,0.0548660682262509,0.5482608232464535,-2.655831973735068,155,2,5
17771,0.02,0.05,3,0.1,5,"time, scale, model, critical, growth",5,0.0200199809912478,0.5199403825533835,-2.368448421643965,0.0548660682262509,0.5482608232464535,-2.655831973735068,155,1,6
17809,0.02,0.05,3,0.1,5,"node, shell, analysis, iga, geometry",5,0.0130802064061865,0.5212287126427839,-2.0482180432138333,0.0548660682262509,0.5482608232464535,-2.655831973735068,155,2,2
17849,0.02,0.05,3,0.1,5,"imperfection, defect, geometric, response, inverse",5,0.286050352582792,0.6718302717167466,-1.6030050176592503,0.0548660682262509,0.5482608232464535,-2.655831973735068,155,1,4
17851,0.02,0.05,3,0.1,5,"wavelet, integration, assembly, excellent, node",5,-0.162628347129308,0.2813443260909771,-6.613285211924944,0.0548660682262509,0.5482608232464535,-2.655831973735068,155,2,4
17857,0.02,0.05,3,0.1,5,"compression, data, study, error, optimal",5,0.0837669674530153,0.6616658306503073,-2.240295559979254,0.0548660682262509,0.5482608232464535,-2.655831973735068,155,2,2
17903,0.02,0.05,3,0.1,5,"time, step, matrix, size, critical",5,0.1597981859123134,0.6434809837697023,-2.2985183862290173,0.0548660682262509,0.5482608232464535,-2.655831973735068,155,2,5
17908,0.02,0.05,3,0.1,5,"datadriven, data, measurement, inverse, extract",5,0.2523733659304374,0.6516757097134734,-2.0778171754175663,0.0548660682262509,0.5482608232464535,-2.655831973735068,155,1,3
17938,0.02,0.05,3,0.1,5,"reduction, vector, basis, acoustic, optimization",5,-0.0049878868583549,0.3046268158979995,-2.8753711680416183,0.0548660682262509,0.5482608232464535,-2.655831973735068,155,1,4
17941,0.02,0.05,3,0.1,5,"dynamic, state, technique, directional, employ",5,-0.1192669083801659,0.4070968042110371,-2.8032689522781733,0.0548660682262509,0.5482608232464535,-2.655831973735068,155,2,4
17977,0.02,0.05,3,0.1,5,"micromorphic, continuum, metamaterials, space, variable",5,-0.2250108270676905,0.5222896094848809,-1.855738276066686,0.0548660682262509,0.5482608232464535,-2.655831973735068,155,2,3
17986,0.02,0.05,3,0.1,5,"flow, particle, mesh, effect, st",5,-0.0785891577906201,0.3288970710289766,-6.509141498764289,0.0548660682262509,0.5482608232464535,-2.655831973735068,155,2,6
18033,0.02,0.05,3,0.1,5,"print, design, lattice, structure, point",5,0.1422360920702526,0.6331281482994496,-1.5312070415996215,0.0548660682262509,0.5482608232464535,-2.655831973735068,155,2,2
18049,0.02,0.05,3,0.1,5,"domain, wave, frequency, acoustic, match",5,0.1416410378287487,0.6288980599763873,-2.2968541287924027,0.0548660682262509,0.5482608232464535,-2.655831973735068,155,2,7
18190,0.02,0.05,3,0.1,5,"vary, porosity, cast, alloy, thickness",5,0.1571265673194048,0.7636039626593879,-2.0819905628739024,0.0548660682262509,0.5482608232464535,-2.655831973735068,155,2,2
18245,0.02,0.05,3,0.1,5,"sensitivity, failure, discontinuity, define, parameter",5,-0.0231278385902521,0.4675282201484563,-2.134360539685449,0.0548660682262509,0.5482608232464535,-2.655831973735068,155,2,1
18250,0.02,0.05,3,0.1,5,"field, macroscopic, reduce, phase, fluctuation",5,0.140465109080183,0.6656114413853909,-2.7887160720582846,0.0548660682262509,0.5482608232464535,-2.655831973735068,155,2,3
18269,0.02,0.05,3,0.1,5,"interface, domain, stress, formulation, nonmatching",5,0.0337423830285948,0.3380862762793494,-2.309843398071458,0.0548660682262509,0.5482608232464535,-2.655831973735068,155,2,6
18275,0.02,0.05,3,0.1,5,"condition, pod, stability, propagation, solid",5,-0.2928023016687482,0.2985168566256254,-6.776988660874427,0.0548660682262509,0.5482608232464535,-2.655831973735068,155,2,3
18298,0.02,0.05,3,0.1,5,"train, data, training, behavior, detection",5,0.1332737237632231,0.5010976392595714,-4.578372105669509,0.0548660682262509,0.5482608232464535,-2.655831973735068,155,2,5
18337,0.02,0.05,3,0.1,5,"computation, discretization, article, turbine, spacetime",5,0.1914867943456373,0.7997783924729518,-2.032872984719712,0.0548660682262509,0.5482608232464535,-2.655831973735068,155,2,2
18338,0.02,0.05,3,0.1,5,"stress, decomposition, reduce, micromorphic, reduction",5,0.0240987804399649,0.5955988344401177,-2.7308711465938864,0.0548660682262509,0.5482608232464535,-2.655831973735068,155,2,2
18340,0.02,0.05,3,0.1,5,"surface, powder, additive, manufacturing, energy",5,0.2259459775818262,0.6903466627594183,-1.5621709032678317,0.0548660682262509,0.5482608232464535,-2.655831973735068,155,2,3
18350,0.02,0.05,3,0.1,5,"heat, trace, meshfree, transient, literature",5,-0.2156007666948555,0.4941918105756684,-4.408185227471299,0.0548660682262509,0.5482608232464535,-2.655831973735068,155,2,3
18359,0.02,0.05,3,0.1,5,"mechanic, simulation, additive, manufacturing, solid",5,0.168431229438741,0.7718886654362981,-2.072669319334416,0.0548660682262509,0.5482608232464535,-2.655831973735068,155,2,3
18372,0.02,0.05,3,0.1,5,"respect, robust, stability, determine, degradation",5,-0.0979266611170094,0.4875536031472828,-2.8220157866457862,0.0548660682262509,0.5482608232464535,-2.655831973735068,155,2,2
18411,0.02,0.05,3,0.1,5,"field, virtual, data, fullfield, new",5,0.1344388711148361,0.5774831259941766,-2.349403028828348,0.0548660682262509,0.5482608232464535,-2.655831973735068,155,2,2
18423,0.02,0.05,3,0.1,5,"highorder, polynomial, scm, nonlinear, error",5,-0.0977569759645392,0.6461596626950168,-1.8210946893675493,0.0548660682262509,0.5482608232464535,-2.655831973735068,155,2,2
18427,0.02,0.05,3,0.1,5,"time, balance, law, body, discrete",5,0.0697866769644346,0.4267165009049091,-2.5471139826917155,0.0548660682262509,0.5482608232464535,-2.655831973735068,155,2,2
18439,0.02,0.05,3,0.1,5,"field, phase, crack, ductile, fracture",5,0.2085874792288808,0.7101191837124433,-1.973604674828637,0.0548660682262509,0.5482608232464535,-2.655831973735068,155,2,3
18446,0.02,0.05,3,0.1,5,"wave, propagation, spectral, joint, medium",5,0.1010804879400792,0.557505666490577,-4.555873366104914,0.0548660682262509,0.5482608232464535,-2.655831973735068,155,2,4
18488,0.02,0.05,3,0.1,5,"method, transformation, inverse, convolution, transient",5,0.0264376223932483,0.5847801090411106,-2.965977814136228,0.0548660682262509,0.5482608232464535,-2.655831973735068,155,2,3
18502,0.02,0.05,3,0.1,5,"engineering, contact, volume, bulk, first",5,0.0405438798710792,0.3716037172304073,-2.6664975079206474,0.0548660682262509,0.5482608232464535,-2.655831973735068,155,2,1
18514,0.02,0.05,3,0.1,5,"element, shell, interface, continuity, solid",5,0.0857024699103738,0.4303503185030145,-2.4417814882248075,0.0548660682262509,0.5482608232464535,-2.655831973735068,155,1,1
18516,0.02,0.05,3,0.1,5,"nonlocal, operator, type, differential, twin",5,0.0264673017621111,0.5583321350298549,-8.923174131299495,0.0548660682262509,0.5482608232464535,-2.655831973735068,155,2,3
18536,0.02,0.05,3,0.1,5,"domain, boundary, interior, describe, geometry",5,0.0695911670676429,0.5050536566845361,-2.092569696201186,0.0548660682262509,0.5482608232464535,-2.655831973735068,155,2,3
18560,0.02,0.05,3,0.1,5,"spacetime, enrichment, vector, mode, product",5,-0.0043038179611465,0.3215533415009123,-2.381319103165973,0.0548660682262509,0.5482608232464535,-2.655831973735068,155,2,2
18577,0.02,0.05,3,0.1,5,"pore, formation, identify, homogeneous, phase",5,-0.0270100488008218,0.5179347791405374,-4.333608574761194,0.0548660682262509,0.5482608232464535,-2.655831973735068,155,2,2
18579,0.02,0.05,3,0.1,5,"cell, scm, subdomain, edge, decomposition",5,-0.1036625044464955,0.5528406425755947,-2.1814285915145275,0.0548660682262509,0.5482608232464535,-2.655831973735068,155,2,2
18611,0.02,0.05,3,0.1,5,"element, parameter, discretization, computation, dc",5,0.1039042890362905,0.6439567117604807,-2.922997073946495,0.0548660682262509,0.5482608232464535,-2.655831973735068,155,2,3
18624,0.02,0.05,3,0.1,5,"pd, diffusion, approach, employ, handle",5,0.0234748312592205,0.5990756475830767,-2.040172887951322,0.0548660682262509,0.5482608232464535,-2.655831973735068,155,2,1
18629,0.02,0.05,3,0.1,5,"benefit, mesoscale, also, error, call",5,-0.3216015665871704,0.3533314421262939,-2.571504602138636,0.0548660682262509,0.5482608232464535,-2.655831973735068,155,1,1
18641,0.02,0.05,3,0.1,5,"smooth, type, quality, need, incompressible",5,-0.1720862128894054,0.2241744816322696,-5.154427872854882,0.0548660682262509,0.5482608232464535,-2.655831973735068,155,2,2
18653,0.02,0.05,3,0.1,5,"analysis, thermofluid, disk, computational, representation",5,0.129886902438407,0.6686295258738834,-1.907669832381074,0.0548660682262509,0.5482608232464535,-2.655831973735068,155,2,2
18663,0.02,0.05,3,0.1,5,"tire, method, st, domain, road",5,0.0531134967128623,0.4481857611863971,-2.2405792858434004,0.0548660682262509,0.5482608232464535,-2.655831973735068,155,2,3
18665,0.02,0.05,3,0.1,5,"concrete, network, composite, material, property",5,0.0939096399365472,0.6907557403336799,-1.5325360514627444,0.0548660682262509,0.5482608232464535,-2.655831973735068,155,2,3
18670,0.02,0.05,3,0.1,5,"time, fractional, rate, convergence, transport",5,-0.0993780052626796,0.5807203099557665,-2.3109355197166974,0.0548660682262509,0.5482608232464535,-2.655831973735068,155,2,2
18709,0.02,0.05,3,0.1,5,"integration, cell, polygonal, numerical, quadrilateral",5,0.1972145096981272,0.6396797556730024,-2.224916882300522,0.0548660682262509,0.5482608232464535,-2.655831973735068,155,2,3
18748,0.02,0.05,3,0.1,5,"crack, couple, propagation, simulate, quasistatic",5,0.1739262067170621,0.7637550114363222,-2.1868751912127387,0.0548660682262509,0.5482608232464535,-2.655831973735068,155,2,3
18750,0.02,0.05,3,0.1,5,"tire, contact, st, flow, road",5,0.3042343585916264,0.8958047779047297,-1.6429638242476827,0.0548660682262509,0.5482608232464535,-2.655831973735068,155,2,1
18751,0.02,0.05,3,0.1,5,"analysis, component, frequency, vibration, response",5,0.1279170895061625,0.5415804196969642,-2.201337244115921,0.0548660682262509,0.5482608232464535,-2.655831973735068,155,2,2
18792,0.02,0.05,3,0.1,5,"interphase, damage, within, interface, gradient",5,0.1245824946833592,0.5632768540351709,-1.4813547310704651,0.0548660682262509,0.5482608232464535,-2.655831973735068,155,2,1
18800,0.02,0.05,3,0.1,5,"stress, alternative, recover, wake, embed",5,-0.2535904447096199,0.2721973776434436,-9.407827817469194,0.0548660682262509,0.5482608232464535,-2.655831973735068,155,2,4
18820,0.02,0.05,3,0.1,5,"time, explicit, integrator, implicit, scale",5,0.2661977302970204,0.8095174819172689,-2.0975973651437894,0.0548660682262509,0.5482608232464535,-2.655831973735068,155,2,3
18822,0.02,0.05,3,0.1,5,"adhesive, fatigue, damage, life, nonlocal",5,0.0713096811993497,0.5490921762610441,-8.218944709007923,0.0548660682262509,0.5482608232464535,-2.655831973735068,155,2,2
18823,0.02,0.05,3,0.1,5,"shape, failure, calculation, gradient, mechanical",5,0.0677358389498356,0.3950466716031245,-2.2738383116808034,0.0548660682262509,0.5482608232464535,-2.655831973735068,155,2,2
18840,0.02,0.05,3,0.1,5,"error, computation, efficiency, mesh, stress",5,-0.0424692744043788,0.3632796696277854,-1.7707847039832252,0.0548660682262509,0.5482608232464535,-2.655831973735068,155,2,2
18845,0.02,0.05,3,0.1,5,"tire, distribution, estimate, contact, material",5,-0.1613019760238144,0.3019808730398002,-3.955801405625798,0.0548660682262509,0.5482608232464535,-2.655831973735068,155,2,7
18846,0.02,0.05,3,0.1,5,"interaction, peridynamics, pd, nonlocal, statebased",5,0.3273954790488901,0.7685077907966806,-2.169171059984293,0.0548660682262509,0.5482608232464535,-2.655831973735068,155,2,2
18856,0.02,0.05,3,0.1,5,"regularization, transition, free, much, idea",5,-0.3247253613660922,0.2738350950600045,-15.516234844486783,0.0548660682262509,0.5482608232464535,-2.655831973735068,155,2,3
18860,0.02,0.05,3,0.1,5,"particle, ratio, orientation, angle, core",5,0.1104140443991117,0.1983489645289531,-2.748674463240161,0.0548660682262509,0.5482608232464535,-2.655831973735068,155,2,3
18863,0.02,0.05,3,0.1,5,"incompressible, robustness, nearly, kind, stable",5,-0.3205266752564886,0.6789033261973273,-2.267216008069725,0.0548660682262509,0.5482608232464535,-2.655831973735068,155,2,2
18864,0.02,0.05,3,0.1,5,"mesh, flow, turbine, st, subdivision",5,-0.0549162868219457,0.497356735349066,-8.919351790380665,0.0548660682262509,0.5482608232464535,-2.655831973735068,155,2,2
18878,0.02,0.05,3,0.1,5,"fracture, multiple, propagation, fluid, loss",5,-0.0270971360344225,0.4735683331330575,-2.867456168722831,0.0548660682262509,0.5482608232464535,-2.655831973735068,155,2,2
18891,0.02,0.05,3,0.1,5,"beam, solid, integration, appl, mech",5,0.0695922630423959,0.6856313237252873,-2.58940267620375,0.0548660682262509,0.5482608232464535,-2.655831973735068,155,2,3
18892,0.02,0.05,3,0.1,5,"crack, weight, partial, xfem, propagate",5,-0.0400454834349308,0.541028480840725,-2.8605272537593325,0.0548660682262509,0.5482608232464535,-2.655831973735068,155,2,1
18894,0.02,0.05,3,0.1,5,"crack, anisotropic, xfem, fracture, toughness",5,0.2822234358814979,0.7020103885350546,-2.3954827966141368,0.0548660682262509,0.5482608232464535,-2.655831973735068,155,2,2
18903,0.02,0.05,3,0.1,5,"stabilizer, model, shell, dynamic, viscosity",5,-0.0241786962502563,0.4397290534436185,-6.023938109500071,0.0548660682262509,0.5482608232464535,-2.655831973735068,155,2,3
18905,0.02,0.05,3,0.1,5,"design, property, geometric, shape, observe",5,0.0024148053354353,0.409389945094108,-2.6266364436031777,0.0548660682262509,0.5482608232464535,-2.655831973735068,155,2,2
18906,0.02,0.05,3,0.1,5,"constituent, composite, test, experimental, material",5,0.0817032442990494,0.6526025443552552,-1.239617342156898,0.0548660682262509,0.5482608232464535,-2.655831973735068,155,2,2
18913,0.02,0.05,3,0.1,5,"analytical, beam, core, last, decade",5,-0.2388480522294444,0.2622122557708417,-3.2650209340494185,0.0548660682262509,0.5482608232464535,-2.655831973735068,155,2,2
18915,0.02,0.05,3,0.1,5,"rate, dislocation, model, strain, theory",5,0.0825406477575739,0.6345680122919071,-1.5089697585780504,0.0548660682262509,0.5482608232464535,-2.655831973735068,155,1,3
18916,0.02,0.05,3,0.1,5,"method, regularization, convergence, reconstruction, inclusion",5,0.1004386635559909,0.4195646665153908,-3.217003873719777,0.0548660682262509,0.5482608232464535,-2.655831973735068,155,2,2
18920,0.02,0.05,3,0.1,5,"memory, strategy, requirement, macroscopic, parallel",5,-0.1335705257688643,0.5774802396806772,-2.5757336540009,0.0548660682262509,0.5482608232464535,-2.655831973735068,155,2,2
18923,0.02,0.05,3,0.1,5,"nitsches, weight, higherorder, appl, eng",5,0.2336919259127619,0.3515922473810857,-2.4265289967760366,0.0548660682262509,0.5482608232464535,-2.655831973735068,155,2,2
18924,0.02,0.05,3,0.1,5,"equation, mass, stress, mechanical, term",5,0.02149998791689,0.5051311149755764,-2.010910855889297,0.0548660682262509,0.5482608232464535,-2.655831973735068,155,2,2
18927,0.02,0.05,3,0.1,5,"model, order, parameterized, reduce, reduction",5,0.207950100859144,0.5562151023951004,-2.470088627519878,0.0548660682262509,0.5482608232464535,-2.655831973735068,155,2,2
18937,0.02,0.05,3,0.1,5,"twin, distribution, provide, parameter, crystalline",5,-0.1263635480996791,0.4540430118208148,-4.283497724925065,0.0548660682262509,0.5482608232464535,-2.655831973735068,155,2,3
18952,0.02,0.05,3,0.1,5,"uncertainty, load, stochastic, isogeometric, spatially",5,0.1792573744058654,0.5088327557759458,-2.9383067241823086,0.0548660682262509,0.5482608232464535,-2.655831973735068,155,2,2
18953,0.02,0.05,3,0.1,5,"signal, application, sense, reduction, property",5,-0.2647864294434333,0.4950423046077669,-1.992338943346012,0.0548660682262509,0.5482608232464535,-2.655831973735068,155,1,2
18954,0.02,0.05,3,0.1,5,"couple, parallel, solver, fluid, unstructured",5,-0.0153405292315667,0.6229552259075465,-3.016289153768869,0.0548660682262509,0.5482608232464535,-2.655831973735068,155,2,2
18958,0.02,0.05,3,0.1,5,"quality, generation, highorder, consistent, comparison",5,-0.1225027955686342,0.3642543007103518,-2.472150005414082,0.0548660682262509,0.5482608232464535,-2.655831973735068,155,2,6
18961,0.02,0.05,3,0.1,5,"function, constraint, move, criterion, approximation",5,0.0942101677878857,0.3534734532808384,-2.6065259480223064,0.0548660682262509,0.5482608232464535,-2.655831973735068,155,2,2
18970,0.02,0.05,3,0.1,5,"geometrical, effect, defect, scan, fcm",5,-0.1555823040163566,0.5528605029622884,-3.050325784700917,0.0548660682262509,0.5482608232464535,-2.655831973735068,155,2,2
18984,0.02,0.05,3,0.1,5,"state, dependent, variant, dislocation, limit",5,0.0774293725815,0.54942986668796,-2.800306437442585,0.0548660682262509,0.5482608232464535,-2.655831973735068,155,2,2
18987,0.02,0.05,3,0.1,5,"medium, heterogeneous, simulation, granular, heterogeneity",5,0.1703447687709231,0.6565378462070531,-2.679948352035089,0.0548660682262509,0.5482608232464535,-2.655831973735068,155,2,1
18989,0.02,0.05,3,0.1,5,"shell, framework, model, laminate, delamination",5,0.0953184169079585,0.6437180333733818,-2.37790745791891,0.0548660682262509,0.5482608232464535,-2.655831973735068,155,2,5
18996,0.02,0.05,3,0.1,5,"surface, peridynamic, bulk, theory, elasticity",5,0.1710166384963984,0.511001289289935,-2.394198705731505,0.0548660682262509,0.5482608232464535,-2.655831973735068,155,2,2
18997,0.02,0.05,3,0.1,5,"machine, tool, realtime, heat, simulation",5,0.203801696185542,0.6364325065643628,-1.832234837944426,0.0548660682262509,0.5482608232464535,-2.655831973735068,155,2,2
18999,0.02,0.05,3,0.1,5,"flow, fluid, incompressible, obtain, physical",5,0.0803072559926196,0.555163648555687,-2.0970690489094506,0.0548660682262509,0.5482608232464535,-2.655831973735068,155,2,1
19003,0.02,0.05,3,0.1,5,"shell, open, soil, dual, poroelastic",5,0.2948935440049477,0.6339702583410183,-3.196308844861341,0.0548660682262509,0.5482608232464535,-2.655831973735068,155,2,1
19011,0.02,0.05,3,0.1,5,"crack, void, fast, show, optimization",5,-0.0904552069156709,0.3644385882727264,-2.387968232574406,0.0548660682262509,0.5482608232464535,-2.655831973735068,155,2,2
19020,0.02,0.05,3,0.1,5,"filler, composite, process, model, polymer",5,0.1681277192221655,0.6090112737176909,-1.4761154910257075,0.0548660682262509,0.5482608232464535,-2.655831973735068,155,2,3
19028,0.02,0.05,3,0.1,5,"polyhedron, scale, boundary, geometry, respect",5,0.1226853462623058,0.4060680148847164,-1.855888496820557,0.0548660682262509,0.5482608232464535,-2.655831973735068,155,2,1
19038,0.02,0.05,3,0.1,5,"level, set, phase, interface, regularization",5,0.07713048763782,0.5230346647858191,-2.7368881868145984,0.0548660682262509,0.5482608232464535,-2.655831973735068,155,2,3
19040,0.02,0.05,3,0.1,5,"meshfree, gradient, collocation, order, recursive",5,0.3553798368302819,0.8037928657454252,-2.393289377283906,0.0548660682262509,0.5482608232464535,-2.655831973735068,155,2,2
19043,0.02,0.05,3,0.1,5,"test, limit, macroscopic, scm, multiplier",5,-0.1924689419621559,0.3670088041538273,-7.332060840255012,0.0548660682262509,0.5482608232464535,-2.655831973735068,155,2,2
19044,0.02,0.05,3,0.1,5,"principle, viscoplastic, rate, strain, yield",5,0.198571196810896,0.7416425758157711,-1.76908186266715,0.0548660682262509,0.5482608232464535,-2.655831973735068,155,2,2
19052,0.02,0.05,3,0.1,5,"crack, fatigue, wall, brittle, force",5,-0.0845940811458086,0.4040346057776237,-8.889138347750857,0.0548660682262509,0.5482608232464535,-2.655831973735068,155,2,2
19056,0.02,0.05,3,0.1,5,"plate, viscoelastic, frequency, rotate, fractional",5,-0.0764952173025715,0.2790164833175445,-4.997048853337032,0.0548660682262509,0.5482608232464535,-2.655831973735068,155,1,4
19070,0.02,0.05,3,0.1,5,"heart, drug, model, cardiac, human",5,0.2607428550573184,0.6337484082656737,-3.66202863300457,0.0548660682262509,0.5482608232464535,-2.655831973735068,155,2,4
19074,0.02,0.05,3,0.1,5,"static, structure, prescribe, modal, mode",5,0.0720549083560531,0.6119275724050068,-2.393525994055945,0.0548660682262509,0.5482608232464535,-2.655831973735068,155,2,1
19091,0.02,0.05,3,0.1,5,"joint, together, mechanism, model, lagrange",5,0.0177321392283274,0.4828184537403821,-1.9688271627325984,0.0548660682262509,0.5482608232464535,-2.655831973735068,155,2,2
19093,0.02,0.05,3,0.1,5,"train, shape, design, drag, optimal",5,0.2064528588862961,0.5427465118284875,-2.542426845704207,0.0548660682262509,0.5482608232464535,-2.655831973735068,155,2,3
19096,0.02,0.05,3,0.1,5,"form, position, nodal, material, configuration",5,0.1081661209496387,0.5982923085333659,-2.052952585636328,0.0548660682262509,0.5482608232464535,-2.655831973735068,155,2,1
19097,0.02,0.05,3,0.1,5,"response, diagram, mechanical, phase, line",5,-0.0040498822788408,0.4832534506052007,-2.6427708618490136,0.0548660682262509,0.5482608232464535,-2.655831973735068,155,1,2
19098,0.02,0.05,3,0.1,5,"field, domain, interface, mixed, nonconforming",5,0.0894335982834444,0.5259804259283662,-2.640140452906097,0.0548660682262509,0.5482608232464535,-2.655831973735068,155,2,2
19103,0.02,0.05,3,0.1,5,"surface, stress, rod, yield, crosssection",5,0.1797917310575145,0.5531275928729313,-2.823658495620219,0.0548660682262509,0.5482608232464535,-2.655831973735068,155,2,2
19106,0.02,0.05,3,0.1,5,"error, tetrahedral, contact, friction, mesoscale",5,-0.307416513569069,0.5462955914649525,-2.950500570196396,0.0548660682262509,0.5482608232464535,-2.655831973735068,155,2,1
19108,0.02,0.05,3,0.1,5,"kernel, reproduce, basis, integrated, dirichlet",5,-0.0899056881304495,0.4470557427695687,-2.7460776603765646,0.0548660682262509,0.5482608232464535,-2.655831973735068,155,2,1
19109,0.02,0.05,3,0.1,5,"damage, shear, thermal, void, ductile",5,-0.1082759845247139,0.654465307206624,-3.136030394404078,0.0548660682262509,0.5482608232464535,-2.655831973735068,155,1,4
19112,0.02,0.05,3,0.1,5,"penalty, solid, sufficiently, structure, near",5,-0.2689358552004097,0.4174989141008155,-2.5986449946701966,0.0548660682262509,0.5482608232464535,-2.655831973735068,155,2,1
19115,0.02,0.05,3,0.1,5,"simulation, cardiac, pattern, effort, conduction",5,-0.0960540558719703,0.5955197121181113,-3.0383020283627933,0.0548660682262509,0.5482608232464535,-2.655831973735068,155,2,2
19116,0.02,0.05,3,0.1,5,"growth, variation, fit, cell, image",5,0.0683992982671694,0.3889764185071862,-2.568862478120986,0.0548660682262509,0.5482608232464535,-2.655831973735068,155,2,2
19117,0.02,0.05,3,0.1,5,"type, embed, molecular, potential, rigorous",5,-0.3450311684856291,0.5449991874990097,-2.8935493256582974,0.0548660682262509,0.5482608232464535,-2.655831973735068,155,2,1
19119,0.02,0.05,3,0.1,5,"inclusion, heat, integral, solution, conduction",5,0.1791739730681342,0.4931230140468466,-2.4243847975644552,0.0548660682262509,0.5482608232464535,-2.655831973735068,155,2,2
19120,0.02,0.05,3,0.1,5,"solid, concept, j, alternative, gradient",5,0.0458763318094591,0.4216717147716838,-2.800450243435968,0.0548660682262509,0.5482608232464535,-2.655831973735068,155,2,1
19127,0.02,0.05,3,0.1,5,"population, objective, play, variant, accomplish",5,0.1506800444477305,0.7223460706304644,-2.335571257359313,0.0548660682262509,0.5482608232464535,-2.655831973735068,155,2,2
19129,0.02,0.05,3,0.1,5,"homogenization, transient, steadystate, basis, separation",5,0.0237408129796524,0.4803774008698722,-2.907251319428456,0.0548660682262509,0.5482608232464535,-2.655831973735068,155,2,2
19135,0.02,0.05,3,0.1,5,"droplet, medium, spread, impact, process",5,0.1999876322111977,0.5681600557536959,-1.8023039697074013,0.0548660682262509,0.5482608232464535,-2.655831973735068,155,1,3
19136,0.02,0.05,3,0.1,5,"function, shape, field, phase, fracture",5,0.0649522169290497,0.5535104754737683,-1.9001070117111705,0.0548660682262509,0.5482608232464535,-2.655831973735068,155,2,3
19137,0.02,0.05,3,0.1,5,"deep, network, density, distribution, method",5,0.0987317340214016,0.4290984431561334,-1.2751239857916947,0.0548660682262509,0.5482608232464535,-2.655831973735068,155,2,3
19139,0.02,0.05,3,0.1,5,"optimize, boundary, mesh, exact, subdomains",5,0.1004526049689483,0.4169853248863474,-2.6139769326056825,0.0548660682262509,0.5482608232464535,-2.655831973735068,155,2,2
19142,0.02,0.05,3,0.1,5,"algorithm, configuration, cluster, couple, deformation",5,-0.0222279981224165,0.5536503099371204,-1.9647108559350448,0.0548660682262509,0.5482608232464535,-2.655831973735068,155,2,2
19143,0.02,0.05,3,0.1,5,"dispersion, wave, find, tensor, microstructure",5,0.0780614706019145,0.4988307618983796,-2.157971025657828,0.0548660682262509,0.5482608232464535,-2.655831973735068,155,2,1
19148,0.02,0.05,3,0.1,5,"magnetic, flow, within, blood, drug",5,0.3058027388339176,0.7170060404081756,-3.088130036502703,0.0548660682262509,0.5482608232464535,-2.655831973735068,155,2,3
19149,0.02,0.05,3,0.1,5,"lr, nurbs, local, refinement, finite",5,0.2070322416147278,0.5412901644280096,-1.0768058009268158,0.0548660682262509,0.5482608232464535,-2.655831973735068,155,1,5
19153,0.02,0.05,3,0.1,5,"ale, computation, dependent, layer, temperature",5,0.0731944204523977,0.8127036756005287,-2.0008299393485838,0.0548660682262509,0.5482608232464535,-2.655831973735068,155,2,1
19156,0.02,0.05,3,0.1,5,"discretization, zss, arterial, initial, guess",5,0.3218866938091171,0.7711731745774267,-2.3106872485720173,0.0548660682262509,0.5482608232464535,-2.655831973735068,155,2,2
19157,0.02,0.05,3,0.1,5,"cell, matrix, stiffness, eigenvalue, stabilization",5,0.1733426414061002,0.4920357439392487,-2.608399801711493,0.0548660682262509,0.5482608232464535,-2.655831973735068,155,2,2
19161,0.02,0.05,3,0.1,5,"vfm, inverse, regularization, optimization, largescale",5,0.2042238087657222,0.8508489758322628,-1.8552925942801088,0.0548660682262509,0.5482608232464535,-2.655831973735068,155,2,1
19162,0.02,0.05,3,0.1,5,"instability, symmetry, membrane, aspect, whole",5,-0.0450545932409121,0.5625409488774842,-2.7023219718521627,0.0548660682262509,0.5482608232464535,-2.655831973735068,155,2,1
19165,0.02,0.05,3,0.1,5,"stage, crack, poisson, alternative, second",5,0.0058313071229244,0.3314052679915445,-2.844385952662089,0.0548660682262509,0.5482608232464535,-2.655831973735068,155,2,1
19167,0.02,0.05,3,0.1,5,"enrichment, gxfem, globallocal, rate, convergence",5,0.361665446868775,0.8940208587573869,-1.3188513496261618,0.0548660682262509,0.5482608232464535,-2.655831973735068,155,2,2
19168,0.02,0.05,3,0.1,5,"traction, cell, inverse, optimal, regularization",5,-0.0350457501083179,0.319936741456709,-2.963247285232707,0.0548660682262509,0.5482608232464535,-2.655831973735068,155,2,1
19169,0.02,0.05,3,0.1,5,"mortar, mapping, near, dual, fluid",5,-0.0734268028492226,0.3841920100869493,-2.2896249929387613,0.0548660682262509,0.5482608232464535,-2.655831973735068,155,2,1
19170,0.02,0.05,3,0.1,5,"crack, contact, propagation, force, function",5,0.0122177774272615,0.4357325195107765,-1.9984879169847647,0.0548660682262509,0.5482608232464535,-2.655831973735068,155,2,3
19171,0.02,0.05,3,0.1,5,"wing, momentum, characteristic, movement, fluid",5,0.1133549240994076,0.3936920483150066,-2.250557639255276,0.0548660682262509,0.5482608232464535,-2.655831973735068,155,2,1
19172,0.02,0.05,3,0.1,5,"mesh, crack, analyse, hexahedral, finescale",5,0.0713188634998912,0.7653289982749417,-3.29655875052753,0.0548660682262509,0.5482608232464535,-2.655831973735068,155,2,1
19173,0.02,0.05,3,0.1,5,"stress, state, current, body, predict",5,-0.0330934599509034,0.5145421660279721,-2.9137634105654118,0.0548660682262509,0.5482608232464535,-2.655831973735068,155,2,1
19174,0.02,0.05,3,0.1,5,"change, residual, exist, vector, evaluation",5,0.1100909074450848,0.3376472074745791,-2.826369887376872,0.0548660682262509,0.5482608232464535,-2.655831973735068,155,2,1
19175,0.02,0.05,3,0.1,5,"plastic, back, mean, frame, integrated",5,-0.3723201797962736,0.6663101293819096,-3.0413151179448947,0.0548660682262509,0.5482608232464535,-2.655831973735068,155,2,1
19176,0.02,0.05,3,0.1,5,"structure, constraint, one, point, imperfection",5,-0.0230180082882646,0.5515238371547942,-2.849529374873064,0.0548660682262509,0.5482608232464535,-2.655831973735068,155,2,2
19177,0.02,0.05,3,0.1,5,"laser, heat, approach, thermomechanical, high",5,0.0932926473027539,0.4562007100271865,-1.7910420732745995,0.0548660682262509,0.5482608232464535,-2.655831973735068,155,2,1
19178,0.02,0.05,3,0.1,5,"unit, integral, full, network, error",5,0.0055114327212761,0.4564385749835877,-2.408136668743203,0.0548660682262509,0.5482608232464535,-2.655831973735068,155,2,2
19179,0.02,0.05,3,0.1,5,"fiber, orientation, stress, structure, principal",5,0.0773748922131079,0.6853961115846626,-2.3548016534735616,0.0548660682262509,0.5482608232464535,-2.655831973735068,155,2,3
19180,0.02,0.05,3,0.1,5,"meshfree, ductile, particle, analysis, enrichment",5,0.1580872428124393,0.4670574761956052,-2.290956537222189,0.0548660682262509,0.5482608232464535,-2.655831973735068,155,2,1
19181,0.02,0.05,3,0.1,5,"artery, variant, material, partition, fluidstructure",5,-0.1576543437203673,0.6471310478075372,-2.250791754051672,0.0548660682262509,0.5482608232464535,-2.655831973735068,155,2,1
19182,0.02,0.05,3,0.1,5,"condition, boundary, homogenization, rigid, body",5,0.136158020709998,0.6716460028713708,-2.606575668903661,0.0548660682262509,0.5482608232464535,-2.655831973735068,155,2,1
19183,0.02,0.05,3,0.1,5,"couple, monolithic, hybrid, especially, device",5,-0.0288505801683042,0.5359517808241147,-2.869047281040495,0.0548660682262509,0.5482608232464535,-2.655831973735068,155,2,1
19184,0.02,0.05,3,0.1,5,"grade, complete, function, shape, manuscript",5,0.0828362007867827,0.5178253141257568,-2.355133901186412,0.0548660682262509,0.5482608232464535,-2.655831973735068,155,2,1
19185,0.02,0.05,3,0.1,5,"interface, elasticity, theory, response, classical",5,0.0354508447343419,0.5103326736445526,-2.1627864602133906,0.0548660682262509,0.5482608232464535,-2.655831973735068,155,2,1
19186,0.02,0.05,3,0.1,5,"fsi, pressure, control, study, velocity",5,-0.03349567474974,0.542440702098508,-1.9141158732346863,0.0548660682262509,0.5482608232464535,-2.655831973735068,155,2,2
19187,0.02,0.05,3,0.1,5,"boundary, kernel, condition, absorb, arbitrary",5,0.1190529002744697,0.6485729218447072,-2.3531481149970483,0.0548660682262509,0.5482608232464535,-2.655831973735068,155,2,2
19188,0.02,0.05,3,0.1,5,"gap, interface, node, element, frame",5,0.0785538215001103,0.2771353209968336,-2.2457631828864866,0.0548660682262509,0.5482608232464535,-2.655831973735068,155,2,1
19189,0.02,0.05,3,0.1,5,"membrane, stress, optimal, principal, connect",5,0.1899682847872655,0.5424646015017636,-2.739427431896729,0.0548660682262509,0.5482608232464535,-2.655831973735068,155,2,1
19190,0.02,0.05,3,0.1,5,"solidshell, denote, plasticity, anisotropic, shell",5,-0.2829382166601313,0.739629062462307,-2.053697251309932,0.0548660682262509,0.5482608232464535,-2.655831973735068,155,2,1
19191,0.02,0.05,3,0.1,5,"deformation, inelastic, comput, appl, mech",5,0.3245014819378012,0.6963142530649928,-2.186273856226673,0.0548660682262509,0.5482608232464535,-2.655831973735068,155,2,1
19192,0.02,0.05,3,0.1,5,"model, boundary, wall, cell, beam",5,-0.0379048620381291,0.4114442678507676,-4.875301238994349,0.0548660682262509,0.5482608232464535,-2.655831973735068,155,2,2
19193,0.02,0.05,3,0.1,5,"film, strain, thin, sense, property",5,0.1743038545512844,0.4363358494390866,-1.9760136825831656,0.0548660682262509,0.5482608232464535,-2.655831973735068,155,2,1
19194,0.02,0.05,3,0.1,5,"level, matrix, requirement, node, article",5,-0.2378192038974957,0.3068649167807776,-2.985762795403697,0.0548660682262509,0.5482608232464535,-2.655831973735068,155,2,1
19195,0.02,0.05,3,0.1,5,"surface, free, level, interface, set",5,0.066797192705106,0.5291123750753813,-2.04419656787833,0.0548660682262509,0.5482608232464535,-2.655831973735068,155,2,1
19196,0.02,0.05,3,0.1,5,"form, nodal, approach, position, fe",5,-0.0057925041340184,0.6657322601595179,-2.625061592513463,0.0548660682262509,0.5482608232464535,-2.655831973735068,155,2,1
19197,0.02,0.05,3,0.1,5,"method, decomposition, domain, conventional, elasticplastic",5,0.14445927780218,0.474392551450391,-2.950511216262769,0.0548660682262509,0.5482608232464535,-2.655831973735068,155,2,2
19198,0.02,0.05,3,0.1,5,"fe, signal, excitation, node, rough",5,-0.0910304600432005,0.6518193304138487,-2.5007887564115565,0.0548660682262509,0.5482608232464535,-2.655831973735068,155,2,1
19199,0.02,0.05,3,0.1,5,"beam, deformation, onedimensional, use, stiffness",5,0.0733783042430581,0.4796777600923461,-1.888423763872926,0.0548660682262509,0.5482608232464535,-2.655831973735068,155,2,1
19200,0.02,0.05,3,0.1,5,"stiffness, matrix, fractional, diffusion, formulation",5,0.2144196173279779,0.71589920253329,-2.132950662489432,0.0548660682262509,0.5482608232464535,-2.655831973735068,155,2,1
19201,0.02,0.05,3,0.1,5,"wavelet, plate, propagation, domain, laminate",5,0.0764287374792438,0.3640856298831504,-2.2724596126702985,0.0548660682262509,0.5482608232464535,-2.655831973735068,155,2,2
19202,0.02,0.05,3,0.1,5,"heat, time, rate, formula, iteration",5,0.0066185965113181,0.5446050587621267,-2.7836917619151067,0.0548660682262509,0.5482608232464535,-2.655831973735068,155,2,1
19203,0.02,0.05,3,0.1,5,"impact, model, friction, dissipation, problem",5,0.0871592696812617,0.4247680960933276,-2.221234816604264,0.0548660682262509,0.5482608232464535,-2.655831973735068,155,2,1
19204,0.02,0.05,3,0.1,5,"wave, structure, analysis, periodic, rotate",5,0.1781376471882642,0.5374212493243095,-2.555899070613053,0.0548660682262509,0.5482608232464535,-2.655831973735068,155,2,1
19205,0.02,0.05,3,0.1,5,"thermal, pattern, laser, efficiently, compute",5,0.1959162180715114,0.3670311209155829,-2.281502722280834,0.0548660682262509,0.5482608232464535,-2.655831973735068,155,2,1
19206,0.02,0.05,3,0.1,5,"particle, smooth, stabilization, simulation, viscous",5,-0.104735697463406,0.4188109174754932,-4.77184221809952,0.0548660682262509,0.5482608232464535,-2.655831973735068,155,2,3
19207,0.02,0.05,3,0.1,5,"composite, layer, xfem, integral, structure",5,0.0365996504915261,0.5165411941635167,-2.130293871558425,0.0548660682262509,0.5482608232464535,-2.655831973735068,155,2,2
19208,0.02,0.05,3,0.1,5,"nonlinear, neural, network, electric, rve",5,0.1928621969482374,0.648996834756862,-2.679226934496852,0.0548660682262509,0.5482608232464535,-2.655831973735068,155,2,3
19209,0.02,0.05,3,0.1,5,"beam, shell, rkpm, scheme, stiffen",5,0.1959024530456141,0.4886825289643957,-2.8262265429898963,0.0548660682262509,0.5482608232464535,-2.655831973735068,155,2,1
19210,0.02,0.05,3,0.1,5,"instability, perform, computational, random, dynamic",5,0.0519204871750939,0.5621381167224795,-2.1634336631274307,0.0548660682262509,0.5482608232464535,-2.655831973735068,155,2,2
19211,0.02,0.05,3,0.1,5,"material, field, datadriven, constitutive, parametric",5,0.065722612262829,0.4827569162749312,-2.7770945805069984,0.0548660682262509,0.5482608232464535,-2.655831973735068,155,2,1
19212,0.02,0.05,3,0.1,5,"step, transformation, scale, zone, change",5,-0.0845183810739348,0.2651864581709079,-2.710215371033711,0.0548660682262509,0.5482608232464535,-2.655831973735068,155,2,1
19213,0.02,0.05,3,0.1,5,"sensitivity, transverse, fiber, parameter, failure",5,0.1869342781737564,0.4866694525481631,-1.9644150850622983,0.0548660682262509,0.5482608232464535,-2.655831973735068,155,2,1
19214,0.02,0.05,3,0.1,5,"flow, field, shape, network, pressure",5,0.0318082007216425,0.2889128926970755,-2.7701737833075617,0.0548660682262509,0.5482608232464535,-2.655831973735068,155,2,2
19215,0.02,0.05,3,0.1,5,"order, fractional, variable, compression, region",5,-0.1761093836259339,0.3826703208367843,-2.98344706415799,0.0548660682262509,0.5482608232464535,-2.655831973735068,155,2,1
19216,0.02,0.05,3,0.1,5,"mechanism, flexible, actuator, total, treatment",5,0.0721475902961204,0.5751953375604973,-2.675934905525556,0.0548660682262509,0.5482608232464535,-2.655831973735068,155,2,1
19217,0.02,0.05,3,0.1,5,"structure, base, deformation, failure, inverse",5,0.0315372003986076,0.5267045989772094,-2.668172899618324,0.0548660682262509,0.5482608232464535,-2.655831973735068,155,2,2
19218,0.02,0.05,3,0.1,5,"reinforcement, effective, concrete, twoscale, slip",5,0.2557677560978164,0.4161598194381368,-2.812938609499109,0.0548660682262509,0.5482608232464535,-2.655831973735068,155,2,1
19219,0.02,0.05,3,0.1,5,"magnetic, actuator, difficult, experimentally, relaxation",5,-0.1754094865892088,0.5975708829854838,-2.047482394510244,0.0548660682262509,0.5482608232464535,-2.655831973735068,155,2,1
19220,0.02,0.05,3,0.1,5,"representation, motion, flow, rate, degradation",5,-0.1633393852961074,0.4113934428449223,-4.985801570344576,0.0548660682262509,0.5482608232464535,-2.655831973735068,155,2,2
19221,0.02,0.05,3,0.1,5,"behaviour, fe, fine, assembly, identification",5,-0.1633072607979308,0.454354313977419,-2.9736422376840843,0.0548660682262509,0.5482608232464535,-2.655831973735068,155,2,1
19222,0.02,0.05,3,0.1,5,"valve, fluid, heart, fsi, surface",5,0.2154144515357003,0.5802073009283508,-1.6269968753021662,0.0548660682262509,0.5482608232464535,-2.655831973735068,155,2,1
19223,0.02,0.05,3,0.1,5,"transmission, droplet, ordinary, physic, process",5,0.2588092367067064,0.7177065892837536,-1.6516299180938254,0.0548660682262509,0.5482608232464535,-2.655831973735068,155,2,1
19224,0.02,0.05,3,0.1,5,"nonlinear, cg, method, fftbased, fast",5,0.0222259788489248,0.6580557758438121,-2.2696884664894648,0.0548660682262509,0.5482608232464535,-2.655831973735068,155,2,1
19225,0.02,0.05,3,0.1,5,"approximation, electric, interpolation, discrete, magnetic",5,0.0056243903637737,0.6591988177114609,-3.045041430019708,0.0548660682262509,0.5482608232464535,-2.655831973735068,155,2,2
19226,0.02,0.05,3,0.1,5,"void, contact, angle, anisotropy, phasefield",5,0.1752012630958579,0.3587410322074157,-2.7378450996918207,0.0548660682262509,0.5482608232464535,-2.655831973735068,155,2,1
19227,0.02,0.05,3,0.1,5,"surface, sph, curvature, free, incompressible",5,0.0455582413543179,0.6190222473693622,-2.423616503005031,0.0548660682262509,0.5482608232464535,-2.655831973735068,155,2,2
19228,0.02,0.05,3,0.1,5,"contact, search, surface, occur, method",5,0.0084893807196063,0.3796193997961732,-1.636759311744698,0.0548660682262509,0.5482608232464535,-2.655831973735068,155,2,1
19229,0.02,0.05,3,0.1,5,"function, moment, discontinuous, fit, highorder",5,0.2656024187669462,0.780894719863283,-2.7449055725835207,0.0548660682262509,0.5482608232464535,-2.655831973735068,155,2,1
19230,0.02,0.05,3,0.1,5,"condition, upon, partial, network, critical",5,-0.0647393941011099,0.4340422301786106,-2.842180722050988,0.0548660682262509,0.5482608232464535,-2.655831973735068,155,2,1
19231,0.02,0.05,3,0.1,5,"experimental, boundary, data, region, layer",5,-0.2110714041195492,0.5249406038964479,-2.5004339166556457,0.0548660682262509,0.5482608232464535,-2.655831973735068,155,2,2
19232,0.02,0.05,3,0.1,5,"deposition, transmission, particle, human, rate",5,-0.2925160196920251,0.5128306943571801,-2.158594811975511,0.0548660682262509,0.5482608232464535,-2.655831973735068,155,2,1
19233,0.02,0.05,3,0.1,5,"plastic, wave, surface, layer, slip",5,-0.0425922405133201,0.4578403699184997,-2.6480287598908974,0.0548660682262509,0.5482608232464535,-2.655831973735068,155,2,2
19234,0.02,0.05,3,0.1,5,"input, ability, strain, viscoelasticity, dimensional",5,-0.019739883619949,0.4466994678965639,-2.701636140116244,0.0548660682262509,0.5482608232464535,-2.655831973735068,155,2,1
19235,0.02,0.05,3,0.1,5,"manifold, motion, estimation, configuration, learn",5,0.0160974769846122,0.3035425904955232,-2.602894952991014,0.0548660682262509,0.5482608232464535,-2.655831973735068,155,2,1
19236,0.02,0.05,3,0.1,5,"nonconforming, penalty, achieve, coupling, drive",5,0.1705649492868962,0.5633013898590654,-2.664144000488831,0.0548660682262509,0.5482608232464535,-2.655831973735068,155,2,1
19237,0.02,0.05,3,0.1,5,"scheme, discrete, derivative, shell, define",5,-0.1335173482932965,0.4610235456775669,-2.6939662058890685,0.0548660682262509,0.5482608232464535,-2.655831973735068,155,2,2
19238,0.02,0.05,3,0.1,5,"uncertainty, quantify, solver, parallel, cpu",5,-0.0064007377091168,0.5521478962658717,-2.603715447060968,0.0548660682262509,0.5482608232464535,-2.655831973735068,155,2,1
19239,0.02,0.05,3,0.1,5,"surface, subdivision, extend, pdes, equation",5,0.1936426967492854,0.5459633200688316,-2.2455455829782744,0.0548660682262509,0.5482608232464535,-2.655831973735068,155,2,1
19240,0.02,0.05,3,0.1,5,"pod, rom, interpolation, basis, st",5,0.2889699191905219,0.6925197856524838,-1.786404143546744,0.0548660682262509,0.5482608232464535,-2.655831973735068,155,2,1
19241,0.02,0.05,3,0.1,5,"data, storage, hyperreduction, preserve, cyclic",5,-0.0371999999377725,0.6060647197751898,-2.7099764180629373,0.0548660682262509,0.5482608232464535,-2.655831973735068,155,2,1
19242,0.02,0.05,3,0.1,5,"interface, orthotropic, model, adhesive, effect",5,0.1235536251858429,0.4932318466458609,-2.3044139148266582,0.0548660682262509,0.5482608232464535,-2.655831973735068,155,2,1
19243,0.02,0.05,3,0.1,5,"output, weight, ann, desire, process",5,0.2524516016236118,0.526878303224724,-1.7328353124579787,0.0548660682262509,0.5482608232464535,-2.655831973735068,155,2,1
19244,0.02,0.05,3,0.1,5,"irregular, wall, stochastic, structure, random",5,0.2507291711871666,0.5589658186849638,-2.149026713969384,0.0548660682262509,0.5482608232464535,-2.655831973735068,155,2,1
19245,0.02,0.05,3,0.1,5,"warp, mode, nonuniform, generalize, composite",5,0.1318303460203589,0.407297337504488,-2.0224015464494185,0.0548660682262509,0.5482608232464535,-2.655831973735068,155,2,1
19246,0.02,0.05,3,0.1,5,"local, globallocal, global, element, harden",5,0.1233276427183299,0.6435364113487608,-1.76360095809153,0.0548660682262509,0.5482608232464535,-2.655831973735068,155,2,1
19247,0.02,0.05,3,0.1,5,"boundary, treatment, numerical, shock, fractional",5,0.1048256711024505,0.5215288830668532,-3.092970867626613,0.0548660682262509,0.5482608232464535,-2.655831973735068,155,2,1
19248,0.02,0.05,3,0.1,5,"kinematics, structure, theory, compact, phenomenon",5,-0.0385002310574769,0.3972206545133581,-2.933513855520434,0.0548660682262509,0.5482608232464535,-2.655831973735068,155,2,1
19249,0.02,0.05,3,0.1,5,"beam, electric, deformation, couple, electrical",5,0.1211906238069548,0.764493568507562,-2.2899301192399624,0.0548660682262509,0.5482608232464535,-2.655831973735068,155,2,1
19250,0.02,0.05,3,0.1,5,"dissipation, mechanism, solver, possible, robust",5,-0.0236874855920673,0.5975042368702959,-2.5960854180139683,0.0548660682262509,0.5482608232464535,-2.655831973735068,155,2,1
19251,0.02,0.05,3,0.1,5,"displacement, derive, module, family, weight",5,-0.2240101689613899,0.541908261717008,-2.927138521055048,0.0548660682262509,0.5482608232464535,-2.655831973735068,155,2,1
19252,0.02,0.05,3,0.1,5,"effective, compute, heterogeneous, fiber, resistance",5,0.0557764421267203,0.3043252067889954,-3.075654098543977,0.0548660682262509,0.5482608232464535,-2.655831973735068,155,2,1
19253,0.02,0.05,3,0.1,5,"rotational, beam, orientation, potential, embed",5,0.0253829450902245,0.7739927349271707,-2.762107282089352,0.0548660682262509,0.5482608232464535,-2.655831973735068,155,2,1
19254,0.02,0.05,3,0.1,5,"overlap, subdomain, material, edge, error",5,-0.0408005809407971,0.4515629804443931,-2.1175096292693927,0.0548660682262509,0.5482608232464535,-2.655831973735068,155,2,1
19255,0.02,0.05,3,0.1,5,"element, finite, call, iterative, mode",5,0.0130016223339011,0.4161483559238131,-2.7660950111291016,0.0548660682262509,0.5482608232464535,-2.655831973735068,155,2,1
19256,0.02,0.05,3,0.1,5,"mesh, configuration, move, mechanism, optimization",5,0.0302618534987405,0.5568657573140864,-2.7747865138184222,0.0548660682262509,0.5482608232464535,-2.655831973735068,155,2,1
