node_id,alpha,eta,gamma,depth,top_k,top_words,word_count,node_npmi,node_c_v,node_u_mass,global_npmi,global_c_v,global_u_mass,iteration,layer,document_count
0,0.5,0.05,0.05,3,5,"method, use, element, model, propose",5,0.0138859241469515,0.4857301580546586,-0.5916976867410396,0.0541156861931562,0.5483742366142923,-2.79904589784501,275,0,970
1,0.5,0.05,0.05,3,5,"model, material, crack, use, strain",5,-0.0089125396581272,0.589988833875198,-1.3041234066561969,0.0541156861931562,0.5483742366142923,-2.79904589784501,275,1,546
2,0.5,0.05,0.05,3,5,"element, contact, formulation, displacement, interface",5,0.0428932299740514,0.4663393678077271,-1.762877198263157,0.0541156861931562,0.5483742366142923,-2.79904589784501,275,2,118
21,0.5,0.05,0.05,3,5,"article, original, curvature, publish, error",5,-0.128888418967898,0.3442754681274588,-8.74373448745063,0.0541156861931562,0.5483742366142923,-2.79904589784501,275,1,14
37,0.5,0.05,0.05,3,5,"strain, lock, formulation, solidshell, element",5,0.1553962614699616,0.7203884972436198,-1.4486550617149894,0.0541156861931562,0.5483742366142923,-2.79904589784501,275,1,9
53,0.5,0.05,0.05,3,5,"framework, interaction, molecular, dynamic, potential",5,0.0317208144526,0.5402515708925633,-2.1730297282341637,0.0541156861931562,0.5483742366142923,-2.79904589784501,275,1,6
62,0.5,0.05,0.05,3,5,"particle, model, shape, contact, dem",5,0.1005183384328178,0.5678654089011883,-2.652005738728648,0.0541156861931562,0.5483742366142923,-2.79904589784501,275,2,6
72,0.5,0.05,0.05,3,5,"crack, phasefield, fracture, phase, work",5,0.1255425827543171,0.8168970044724316,-1.2514002695239277,0.0541156861931562,0.5483742366142923,-2.79904589784501,275,1,6
73,0.5,0.05,0.05,3,5,"shell, outofplane, midsurface, case, model",5,0.0301331203454899,0.4177395313327797,-1.3820641229038446,0.0541156861931562,0.5483742366142923,-2.79904589784501,275,2,3
127,0.5,0.05,0.05,3,5,"infection, disease, ductile, spread, density",5,-0.0388573455080239,0.5253499993380716,-5.769861977300467,0.0541156861931562,0.5483742366142923,-2.79904589784501,275,1,16
128,0.5,0.05,0.05,3,5,"covid, model, dynamic, new, number",5,0.0605535246083639,0.5283119135237825,-1.4682414862745754,0.0541156861931562,0.5483742366142923,-2.79904589784501,275,2,7
155,0.5,0.05,0.05,3,5,"process, laser, manufacturing, additive, heat",5,0.2175828757566865,0.8295468894855148,-1.4602232561890571,0.0541156861931562,0.5483742366142923,-2.79904589784501,275,1,18
188,0.5,0.05,0.05,3,5,"system, framework, design, model, illustrate",5,0.0041284277692232,0.4400912469466497,-1.6153696801919086,0.0541156861931562,0.5483742366142923,-2.79904589784501,275,1,23
198,0.5,0.05,0.05,3,5,"flow, framework, compressible, turbine, simulation",5,0.1558355748461431,0.5478711717961172,-2.014895930842912,0.0541156861931562,0.5483742366142923,-2.79904589784501,275,2,4
205,0.5,0.05,0.05,3,5,"rotation, crack, element, shell, formulation",5,0.0410142617533671,0.389835130594942,-1.4667802268152028,0.0541156861931562,0.5483742366142923,-2.79904589784501,275,2,7
221,0.5,0.05,0.05,3,5,"timedependent, singular, wave, reproduce, dirichlet",5,-0.0566577484677646,0.3180251407615617,-4.7073212060882605,0.0541156861931562,0.5483742366142923,-2.79904589784501,275,1,12
229,0.5,0.05,0.05,3,5,"field, virtual, data, fullfield, set",5,0.1529985542141654,0.5709518496020047,-2.4587527476070776,0.0541156861931562,0.5483742366142923,-2.79904589784501,275,1,3
244,0.5,0.05,0.05,3,5,"fiber, particle, ratio, orientation, volume",5,0.2030943749719589,0.5649938260533929,-2.108437332614068,0.0541156861931562,0.5483742366142923,-2.79904589784501,275,1,12
268,0.5,0.05,0.05,3,5,"cell, process, within, differentiation, force",5,0.1120362310542551,0.6457502461542475,-2.436714338938733,0.0541156861931562,0.5483742366142923,-2.79904589784501,275,2,7
397,0.5,0.05,0.05,3,5,"grain, laser, stress, residual, thermal",5,0.1854416681953158,0.764814028890561,-1.686572258163522,0.0541156861931562,0.5483742366142923,-2.79904589784501,275,2,7
404,0.5,0.05,0.05,3,5,"data, datadriven, material, law, constitutive",5,0.1465446066618533,0.673232570917077,-1.3914364348007024,0.0541156861931562,0.5483742366142923,-2.79904589784501,275,2,10
440,0.5,0.05,0.05,3,5,"equation, fractional, differential, derivative, function",5,0.2575694282957331,0.7686856358290493,-1.4244744253218804,0.0541156861931562,0.5483742366142923,-2.79904589784501,275,2,6
506,0.5,0.05,0.05,3,5,"model, provide, particle, identification, develop",5,0.0209908945273984,0.5065121460608991,-2.1810126947274915,0.0541156861931562,0.5483742366142923,-2.79904589784501,275,1,5
521,0.5,0.05,0.05,3,5,"strain, fiber, material, elastic, matrix",5,0.0310082442322398,0.5451108468931597,-1.781605989531182,0.0541156861931562,0.5483742366142923,-2.79904589784501,275,1,17
564,0.5,0.05,0.05,3,5,"melt, powder, process, slm, laser",5,0.4321631451061412,0.9100521582313088,-1.0390247154360477,0.0541156861931562,0.5483742366142923,-2.79904589784501,275,2,5
596,0.5,0.05,0.05,3,5,"beam, multiscale, shear, base, homogenization",5,-0.0554023224974487,0.3694678681379013,-1.8467084133729903,0.0541156861931562,0.5483742366142923,-2.79904589784501,275,2,10
642,0.5,0.05,0.05,3,5,"cluster, interaction, analysis, reduce, matrix",5,0.0896326195570136,0.533643149290735,-1.4594521873816284,0.0541156861931562,0.5483742366142923,-2.79904589784501,275,2,6
650,0.5,0.05,0.05,3,5,"lattice, material, cubic, crystal, stress",5,0.067111985415476,0.6199833018290504,-1.8538293744870749,0.0541156861931562,0.5483742366142923,-2.79904589784501,275,2,10
699,0.5,0.05,0.05,3,5,"model, uncertainty, prediction, bayesian, performance",5,0.1733942408634923,0.570162498773316,-2.197673240355252,0.0541156861931562,0.5483742366142923,-2.79904589784501,275,2,9
777,0.5,0.05,0.05,3,5,"microstructures, interface, microstructure, material, crystal",5,0.0144494978699718,0.5553388505990082,-1.700140970568858,0.0541156861931562,0.5483742366142923,-2.79904589784501,275,2,12
1036,0.5,0.05,0.05,3,5,"data, network, neural, train, training",5,0.2707827053741564,0.8495929995852791,-1.7172121581379003,0.0541156861931562,0.5483742366142923,-2.79904589784501,275,1,6
1149,0.5,0.05,0.05,3,5,"contact, surface, inhomogeneity, algorithm, adhesive",5,0.0327655965020719,0.5534779786421217,-4.409234904127902,0.0541156861931562,0.5483742366142923,-2.79904589784501,275,2,9
1215,0.5,0.05,0.05,3,5,"reduce, proper, decomposition, snapshot, engineering",5,-0.0498829206516242,0.5792652888762968,-2.318752300324042,0.0541156861931562,0.5483742366142923,-2.79904589784501,275,1,17
1310,0.5,0.05,0.05,3,5,"mesh, element, structure, cisamr, crack",5,0.0005735933394449,0.5283599329383055,-2.3790458026396,0.0541156861931562,0.5483742366142923,-2.79904589784501,275,2,11
1328,0.5,0.05,0.05,3,5,"function, method, optimization, set, basis",5,0.074706652559326,0.4318736602500896,-1.9189096066302276,0.0541156861931562,0.5483742366142923,-2.79904589784501,275,1,13
1331,0.5,0.05,0.05,3,5,"formation, band, twin, localization, cut",5,0.1713483020115839,0.6799876227908717,-4.020893833046301,0.0541156861931562,0.5483742366142923,-2.79904589784501,275,2,5
1563,0.5,0.05,0.05,3,5,"strain, parameter, identification, criterion, film",5,-0.0843184682968081,0.3725130584349295,-7.390570424621681,0.0541156861931562,0.5483742366142923,-2.79904589784501,275,1,13
1644,0.5,0.05,0.05,3,5,"source, information, least, cost, graph",5,0.2056428280766071,0.6683414980209887,-2.311148360281067,0.0541156861931562,0.5483742366142923,-2.79904589784501,275,1,5
1651,0.5,0.05,0.05,3,5,"sph, particle, surface, smooth, simulation",5,0.1439041091934557,0.7427092477281385,-1.0466164712872108,0.0541156861931562,0.5483742366142923,-2.79904589784501,275,2,10
1723,0.5,0.05,0.05,3,5,"optimization, topology, design, structural, material",5,0.2221380095788682,0.5476841823254956,-1.0487070099650704,0.0541156861931562,0.5483742366142923,-2.79904589784501,275,2,12
1733,0.5,0.05,0.05,3,5,"reduction, thermal, frequency, couple, mechanical",5,0.0174045008392824,0.4854718917240926,-1.8390020190954388,0.0541156861931562,0.5483742366142923,-2.79904589784501,275,2,8
1795,0.5,0.05,0.05,3,5,"process, material, structural, fatigue, manufacturing",5,-0.0632429138103293,0.4629501292732321,-4.690648741423061,0.0541156861931562,0.5483742366142923,-2.79904589784501,275,2,8
1996,0.5,0.05,0.05,3,5,"crack, pd, meshfree, xfem, tip",5,0.1478313989377175,0.6943578569450826,-2.2602852074839745,0.0541156861931562,0.5483742366142923,-2.79904589784501,275,2,10
2103,0.5,0.05,0.05,3,5,"bem, matrix, fast, solve, multidomain",5,0.2433046154060177,0.5253771893693617,-2.2501846117199475,0.0541156861931562,0.5483742366142923,-2.79904589784501,275,2,4
2124,0.5,0.05,0.05,3,5,"mesh, fluid, fsi, move, flow",5,0.1662900866570921,0.7725059127000974,-1.868672576027241,0.0541156861931562,0.5483742366142923,-2.79904589784501,275,2,5
2193,0.5,0.05,0.05,3,5,"model, crack, peridynamic, continuum, hybrid",5,0.028005559144077,0.7319270626265283,-2.615183569218311,0.0541156861931562,0.5483742366142923,-2.79904589784501,275,2,9
2271,0.5,0.05,0.05,3,5,"integration, nonlocal, operator, type, mesoscopic",5,-0.1167181921476159,0.3993470058405205,-9.552105486858842,0.0541156861931562,0.5483742366142923,-2.79904589784501,275,2,7
2284,0.5,0.05,0.05,3,5,"tire, contact, identification, structural, st",5,-0.216373732904917,0.2821345127889471,-8.79314618731461,0.0541156861931562,0.5483742366142923,-2.79904589784501,275,2,9
2656,0.5,0.05,0.05,3,5,"beam, electric, deformation, work, electrical",5,0.0373867125797658,0.6319159455493855,-2.3527085269400008,0.0541156861931562,0.5483742366142923,-2.79904589784501,275,1,12
2732,0.5,0.05,0.05,3,5,"crack, fracture, propagation, mesh, enrichment",5,0.1133115149251635,0.6587115131447131,-1.8909396392066344,0.0541156861931562,0.5483742366142923,-2.79904589784501,275,1,4
2842,0.5,0.05,0.05,3,5,"process, predict, part, build, residual",5,0.2063844510604291,0.6228738241617736,-2.271241125167744,0.0541156861931562,0.5483742366142923,-2.79904589784501,275,1,8
3216,0.5,0.05,0.05,3,5,"mech, et, al, comput, appl",5,0.7822820698560796,0.9937045734074468,-0.4761024736148219,0.0541156861931562,0.5483742366142923,-2.79904589784501,275,2,12
3220,0.5,0.05,0.05,3,5,"error, basis, adaptive, estimate, procedure",5,0.0538112212887333,0.6000650268432698,-1.8660974896239528,0.0541156861931562,0.5483742366142923,-2.79904589784501,275,2,8
3256,0.5,0.05,0.05,3,5,"composite, scale, procedure, multiscale, analysis",5,0.0612462446090259,0.4907188172307627,-1.6022332543551276,0.0541156861931562,0.5483742366142923,-2.79904589784501,275,1,7
3301,0.5,0.05,0.05,3,5,"macroscopic, reduce, homogenization, fully, microscopic",5,0.0495287490415594,0.6638414870619066,-2.123198547827394,0.0541156861931562,0.5483742366142923,-2.79904589784501,275,2,6
3328,0.5,0.05,0.05,3,5,"design, train, optimal, drag, new",5,0.1898351677373965,0.5596310666676796,-2.4094810748248543,0.0541156861931562,0.5483742366142923,-2.79904589784501,275,1,4
3414,0.5,0.05,0.05,3,5,"model, artery, couple, system, wave",5,-0.0436253159758585,0.4884888650407846,-2.416563543797941,0.0541156861931562,0.5483742366142923,-2.79904589784501,275,1,4
3437,0.5,0.05,0.05,3,5,"membrane, symmetry, instability, thin, verify",5,-0.0268278867291361,0.5931885235153832,-1.6867645839291008,0.0541156861931562,0.5483742366142923,-2.79904589784501,275,2,3
3482,0.5,0.05,0.05,3,5,"random, structure, dynamic, response, stochastic",5,0.0978247949503566,0.6181292977758004,-1.918735438514841,0.0541156861931562,0.5483742366142923,-2.79904589784501,275,2,6
3538,0.5,0.05,0.05,3,5,"model, friction, interface, impact, effect",5,0.0496789352814455,0.4663315885126796,-2.0748680190257645,0.0541156861931562,0.5483742366142923,-2.79904589784501,275,1,11
3839,0.5,0.05,0.05,3,5,"contact, body, local, fiber, orientation",5,-0.0928890534715773,0.3043704848210989,-7.149924822177833,0.0541156861931562,0.5483742366142923,-2.79904589784501,275,2,6
4587,0.5,0.05,0.05,3,5,"crack, damage, track, split, mode",5,-0.038233187957268,0.3780234943674952,-2.61812559776878,0.0541156861931562,0.5483742366142923,-2.79904589784501,275,2,9
4619,0.5,0.05,0.05,3,5,"stochastic, random, framework, heterogeneous, parameter",5,0.0662207489974718,0.5240876117560864,-1.5762964831013406,0.0541156861931562,0.5483742366142923,-2.79904589784501,275,2,11
5060,0.5,0.05,0.05,3,5,"front, transform, separate, finiteelement, stiffness",5,0.1506443198053528,0.5529659773811649,-2.33994698226008,0.0541156861931562,0.5483742366142923,-2.79904589784501,275,1,8
5131,0.5,0.05,0.05,3,5,"pressure, diffusion, fractional, porous, pore",5,0.3050225488062668,0.6886197754213075,-2.5494784260725374,0.0541156861931562,0.5483742366142923,-2.79904589784501,275,2,6
5153,0.5,0.05,0.05,3,5,"spacetime, enrichment, accelerate, fem, implementation",5,-0.0038861678569138,0.3479891279933239,-2.1241936032575053,0.0541156861931562,0.5483742366142923,-2.79904589784501,275,2,5
5574,0.5,0.05,0.05,3,5,"dynamic, vibration, allow, structural, multilevel",5,0.0833846027925476,0.5267182903051298,-2.5903738666148564,0.0541156861931562,0.5483742366142923,-2.79904589784501,275,2,4
5666,0.5,0.05,0.05,3,5,"boundary, grain, size, crystal, slip",5,0.1557191667569397,0.5939269193078012,-2.233490800758321,0.0541156861931562,0.5483742366142923,-2.79904589784501,275,2,8
5877,0.5,0.05,0.05,3,5,"biofilm, void, formation, growth, pressure",5,-0.0019949367466226,0.4848648577968489,-5.528565246769372,0.0541156861931562,0.5483742366142923,-2.79904589784501,275,2,4
5999,0.5,0.05,0.05,3,5,"fracture, crack, anisotropic, toughness, energy",5,0.1451622339444006,0.6652672172249499,-2.098424333435596,0.0541156861931562,0.5483742366142923,-2.79904589784501,275,2,9
6598,0.5,0.05,0.05,3,5,"contact, surface, formulation, search, line",5,0.1241402805459283,0.4439305252173413,-2.6690086248572693,0.0541156861931562,0.5483742366142923,-2.79904589784501,275,2,4
6814,0.5,0.05,0.05,3,5,"method, convolution, fast, solver, fourier",5,0.251195975971373,0.8000840628697503,-2.106402670978489,0.0541156861931562,0.5483742366142923,-2.79904589784501,275,1,11
6871,0.5,0.05,0.05,3,5,"interface, surface, theory, cohesive, elasticity",5,0.1011799112906747,0.5491164525345034,-2.628787552819451,0.0541156861931562,0.5483742366142923,-2.79904589784501,275,2,4
7197,0.5,0.05,0.05,3,5,"constitutive, formulation, approximation, electric, different",5,-0.0370064490922257,0.6126178443799473,-2.3086104518450385,0.0541156861931562,0.5483742366142923,-2.79904589784501,275,1,4
7528,0.5,0.05,0.05,3,5,"surface, subdivision, equation, isogeometric, solve",5,0.1021140646721734,0.4201887510410493,-1.7640786052582855,0.0541156861931562,0.5483742366142923,-2.79904589784501,275,2,4
7702,0.5,0.05,0.05,3,5,"probability, density, system, evolution, stochastic",5,0.2121297038318853,0.7495815833884203,-1.469796353642432,0.0541156861931562,0.5483742366142923,-2.79904589784501,275,1,7
7711,0.5,0.05,0.05,3,5,"rate, model, experimental, dislocation, mechanism",5,0.0660177336412776,0.4804579519825481,-2.559332473246203,0.0541156861931562,0.5483742366142923,-2.79904589784501,275,1,10
7750,0.5,0.05,0.05,3,5,"system, linear, solution, iterative, matrix",5,0.0962021029998224,0.5640713570356894,-1.7530301148876846,0.0541156861931562,0.5483742366142923,-2.79904589784501,275,2,7
7752,0.5,0.05,0.05,3,5,"fsi, part, rkpm, paper, framework",5,0.0161934050222515,0.4719070253129748,-1.4206969072879805,0.0541156861931562,0.5483742366142923,-2.79904589784501,275,2,4
7758,0.5,0.05,0.05,3,5,"heat, inclusion, temperature, solution, integral",5,0.102048084152002,0.377425939499665,-2.3831414198369223,0.0541156861931562,0.5483742366142923,-2.79904589784501,275,1,7
7889,0.5,0.05,0.05,3,5,"order, reduce, parameterized, model, reduction",5,0.207950100859144,0.5562151023951005,-2.066447981999272,0.0541156861931562,0.5483742366142923,-2.79904589784501,275,2,3
7949,0.5,0.05,0.05,3,5,"gradient, kernel, reproduce, meshfree, smooth",5,0.3277522195354988,0.7145084134906603,-1.7607502019873216,0.0541156861931562,0.5483742366142923,-2.79904589784501,275,2,5
8323,0.5,0.05,0.05,3,5,"boundary, function, kernel, condition, arbitrary",5,0.1335546325159189,0.6211864827830993,-1.830463813374941,0.0541156861931562,0.5483742366142923,-2.79904589784501,275,2,7
8648,0.5,0.05,0.05,3,5,"polymer, failure, composite, laminate, order",5,0.1615165661605294,0.6424426107403286,-1.6674685872962782,0.0541156861931562,0.5483742366142923,-2.79904589784501,275,2,4
8719,0.5,0.05,0.05,3,5,"magnetic, couple, mechanical, constitutive, nonlinear",5,0.0959578118937924,0.7252473770971914,-1.2393953053466735,0.0541156861931562,0.5483742366142923,-2.79904589784501,275,2,3
8752,0.5,0.05,0.05,3,5,"shock, construct, oscillation, laminate, composite",5,-0.1091897467107325,0.3092146881422489,-8.616899069872003,0.0541156861931562,0.5483742366142923,-2.79904589784501,275,1,8
8942,0.5,0.05,0.05,3,5,"network, mechanical, study, material, microscale",5,0.0259131321656424,0.5806747125379916,-1.852465207255612,0.0541156861931562,0.5483742366142923,-2.79904589784501,275,1,12
8968,0.5,0.05,0.05,3,5,"part, decomposition, strain, plastic, change",5,-0.060738294750489,0.2818700077569206,-4.678512602360155,0.0541156861931562,0.5483742366142923,-2.79904589784501,275,2,5
9137,0.5,0.05,0.05,3,5,"fem, allow, et, al, eng",5,0.2105786383127267,0.5367010838587333,-2.211794468092127,0.0541156861931562,0.5483742366142923,-2.79904589784501,275,1,11
9314,0.5,0.05,0.05,3,5,"parameter, time, fracture, phasefield, estimation",5,0.0164659271097214,0.665081645239957,-2.553718951383263,0.0541156861931562,0.5483742366142923,-2.79904589784501,275,1,5
9541,0.5,0.05,0.05,3,5,"efficiency, online, nonlinear, stiffness, reducedorder",5,0.0017699006740431,0.5864016419587659,-2.394680423444477,0.0541156861931562,0.5483742366142923,-2.79904589784501,275,2,3
9563,0.5,0.05,0.05,3,5,"microscopic, macroscopic, side, hand, system",5,0.1704339934311652,0.3622897602789729,-2.5246993572138625,0.0541156861931562,0.5483742366142923,-2.79904589784501,275,1,1
9798,0.5,0.05,0.05,3,5,"medium, fluid, consolidation, flow, water",5,0.0650786536552164,0.8345336526688415,-1.9843164868509584,0.0541156861931562,0.5483742366142923,-2.79904589784501,275,2,10
9863,0.5,0.05,0.05,3,5,"formulation, kernel, approximation, reproduce, finescale",5,0.2263316839443118,0.7753578322907011,-2.549377249290306,0.0541156861931562,0.5483742366142923,-2.79904589784501,275,2,7
9906,0.5,0.05,0.05,3,5,"contact, medium, third, concept, fcm",5,0.0445358351909946,0.2961755543386345,-7.215270733314052,0.0541156861931562,0.5483742366142923,-2.79904589784501,275,2,4
9929,0.5,0.05,0.05,3,5,"scheme, secondorder, linear, balance, equivalent",5,0.0759107323931498,0.4821420964815452,-2.6720648505073608,0.0541156861931562,0.5483742366142923,-2.79904589784501,275,2,6
9942,0.5,0.05,0.05,3,5,"degradation, rate, solid, partial, support",5,-0.1414662848994138,0.3774805538120799,-2.715468400121376,0.0541156861931562,0.5483742366142923,-2.79904589784501,275,1,9
9943,0.5,0.05,0.05,3,5,"nurbs, isogeometric, lr, refinement, bsplines",5,0.337716161583065,0.8003147399987203,-1.757368520560196,0.0541156861931562,0.5483742366142923,-2.79904589784501,275,2,7
10304,0.5,0.05,0.05,3,5,"structure, lattice, couple, identification, structural",5,-0.0380394402793585,0.4883497821385896,-4.5229195968753855,0.0541156861931562,0.5483742366142923,-2.79904589784501,275,2,5
10346,0.5,0.05,0.05,3,5,"flow, sensitivity, analysis, representation, st",5,0.0704029978150193,0.4865816292595717,-4.197536767374513,0.0541156861931562,0.5483742366142923,-2.79904589784501,275,2,4
10406,0.5,0.05,0.05,3,5,"homogenization, unit, cell, macroscopic, determine",5,0.173261214853845,0.6081537333356257,-1.8909741059774223,0.0541156861931562,0.5483742366142923,-2.79904589784501,275,2,2
10651,0.5,0.05,0.05,3,5,"model, disease, system, spread, account",5,0.0198047635579207,0.5437003512247418,-2.2664653016637004,0.0541156861931562,0.5483742366142923,-2.79904589784501,275,2,4
10701,0.5,0.05,0.05,3,5,"disk, around, conduction, thermofluid, behavior",5,0.2830912230304231,0.8386879518498531,-1.4362475220828637,0.0541156861931562,0.5483742366142923,-2.79904589784501,275,1,1
10895,0.5,0.05,0.05,3,5,"gap, material, interface, node, response",5,-0.082144024981427,0.3051333875328129,-2.1818884064231647,0.0541156861931562,0.5483742366142923,-2.79904589784501,275,1,9
11103,0.5,0.05,0.05,3,5,"contact, force, elastic, nodal, obtain",5,-0.0014229127089327,0.483081678669761,-2.045729876107949,0.0541156861931562,0.5483742366142923,-2.79904589784501,275,2,8
11216,0.5,0.05,0.05,3,5,"local, mesh, refinement, error, criterion",5,0.1579716513244045,0.4748620483000108,-2.3902501227160187,0.0541156861931562,0.5483742366142923,-2.79904589784501,275,2,4
11222,0.5,0.05,0.05,3,5,"field, phase, function, compression, data",5,0.0411507854177779,0.500454780685992,-2.439350781873705,0.0541156861931562,0.5483742366142923,-2.79904589784501,275,2,6
11256,0.5,0.05,0.05,3,5,"fe, homogenization, micro, composite, heterogeneous",5,0.1392090458815428,0.8257420303117637,-1.7577011445899462,0.0541156861931562,0.5483742366142923,-2.79904589784501,275,2,7
11333,0.5,0.05,0.05,3,5,"condition, boundary, surface, peridynamic, homogenization",5,-0.0213882047481005,0.3962256736129421,-4.735223670615918,0.0541156861931562,0.5483742366142923,-2.79904589784501,275,2,4
11389,0.5,0.05,0.05,3,5,"surface, stress, concentration, effect, particle",5,0.040311561506359,0.5049634685924775,-2.268521727841613,0.0541156861931562,0.5483742366142923,-2.79904589784501,275,2,4
11450,0.5,0.05,0.05,3,5,"beam, reinforcement, onedimensional, deformation, stiffness",5,0.0386373967179731,0.648415152068313,-1.9029525043472213,0.0541156861931562,0.5483742366142923,-2.79904589784501,275,2,3
11713,0.5,0.05,0.05,3,5,"erosion, base, update, analysis, particle",5,0.1086724688914744,0.3831191241689144,-1.546154321315957,0.0541156861931562,0.5483742366142923,-2.79904589784501,275,1,11
11920,0.5,0.05,0.05,3,5,"element, hexahedral, mesh, tetrahedral, linear",5,0.2349693084811803,0.6230342753928628,-1.9863255685556396,0.0541156861931562,0.5483742366142923,-2.79904589784501,275,2,3
11985,0.5,0.05,0.05,3,5,"mesh, generation, stress, shear, quality",5,0.0294290479370635,0.2980208396943244,-4.835614390618031,0.0541156861931562,0.5483742366142923,-2.79904589784501,275,2,4
12175,0.5,0.05,0.05,3,5,"st, computation, mesh, address, turbine",5,0.1622984225214985,0.8715916487406066,-1.6720721857936902,0.0541156861931562,0.5483742366142923,-2.79904589784501,275,2,2
12347,0.5,0.05,0.05,3,5,"structural, temperature, vibration, thermal, frequency",5,0.285232581307102,0.6394271022367926,-2.268438225973177,0.0541156861931562,0.5483742366142923,-2.79904589784501,275,1,4
12363,0.5,0.05,0.05,3,5,"element, mode, derive, modal, displacement",5,0.1057162389931342,0.6302470155237512,-2.1696233856740954,0.0541156861931562,0.5483742366142923,-2.79904589784501,275,2,2
12389,0.5,0.05,0.05,3,5,"heart, cardiac, human, simulation, drug",5,0.2769138509215999,0.6464453256394431,-3.857775058954168,0.0541156861931562,0.5483742366142923,-2.79904589784501,275,2,5
12399,0.5,0.05,0.05,3,5,"deep, network, neural, density, distribution",5,0.2689552869530137,0.507289683743205,-1.822461924369924,0.0541156861931562,0.5483742366142923,-2.79904589784501,275,2,4
12414,0.5,0.05,0.05,3,5,"fractional, element, equation, diffusion, formulation",5,0.1597355403428209,0.7356418139309229,-1.2714290014922125,0.0541156861931562,0.5483742366142923,-2.79904589784501,275,2,4
12514,0.5,0.05,0.05,3,5,"loss, function, pinn, mechanic, performance",5,0.1526273829873482,0.4370141414516088,-2.067312152842093,0.0541156861931562,0.5483742366142923,-2.79904589784501,275,1,3
12520,0.5,0.05,0.05,3,5,"random, probabilistic, mesoscale, elasticity, also",5,0.021973744751128,0.5668139651583592,-1.7350859980631963,0.0541156861931562,0.5483742366142923,-2.79904589784501,275,2,4
12547,0.5,0.05,0.05,3,5,"low, concrete, optimization, topology, design",5,-0.1184608433030569,0.3828317056287706,-8.424086482414001,0.0541156861931562,0.5483742366142923,-2.79904589784501,275,2,4
12594,0.5,0.05,0.05,3,5,"mass, order, matrix, formulation, superconvergent",5,0.1864833490415804,0.6471175119178113,-2.194568844731168,0.0541156861931562,0.5483742366142923,-2.79904589784501,275,2,3
12631,0.5,0.05,0.05,3,5,"node, wave, domain, shell, equation",5,-0.0564909653407981,0.4782990674278523,-1.81764358366274,0.0541156861931562,0.5483742366142923,-2.79904589784501,275,2,4
12723,0.5,0.05,0.05,3,5,"mesh, shell, move, background, coordinate",5,-0.1691123173569658,0.3325799733388523,-5.099646070528505,0.0541156861931562,0.5483742366142923,-2.79904589784501,275,2,4
12764,0.5,0.05,0.05,3,5,"sve, homogenization, size, macroscopic, test",5,0.0655290840388119,0.597116263852615,-3.45583645807458,0.0541156861931562,0.5483742366142923,-2.79904589784501,275,2,4
12767,0.5,0.05,0.05,3,5,"integral, matrix, composite, number, quadrature",5,-0.0177106124290509,0.7000946424224181,-2.270871345465566,0.0541156861931562,0.5483742366142923,-2.79904589784501,275,1,5
12784,0.5,0.05,0.05,3,5,"data, mechanical, storage, cyclic, hyperreduction",5,-0.1559712235548267,0.448708586216947,-3.516485058976934,0.0541156861931562,0.5483742366142923,-2.79904589784501,275,1,7
12876,0.5,0.05,0.05,3,5,"design, new, task, learn, database",5,0.0513943517197256,0.7183079352693003,-2.635728017511684,0.0541156861931562,0.5483742366142923,-2.79904589784501,275,2,4
12933,0.5,0.05,0.05,3,5,"state, variable, energy, choice, internal",5,0.1758741663442569,0.3234740859716416,-2.6065522478426337,0.0541156861931562,0.5483742366142923,-2.79904589784501,275,1,5
12966,0.5,0.05,0.05,3,5,"composite, interfacial, interface, xfem, cohesive",5,0.0686768552766317,0.5275862547336913,-4.446546963661467,0.0541156861931562,0.5483742366142923,-2.79904589784501,275,2,4
12991,0.5,0.05,0.05,3,5,"stabilizer, analysis, shell, fracture, blend",5,0.0862881273922381,0.5142402810566292,-6.11319901930833,0.0541156861931562,0.5483742366142923,-2.79904589784501,275,2,3
13000,0.5,0.05,0.05,3,5,"stress, data, shell, element, static",5,-0.1105474382698823,0.3847605194595631,-4.370125579176516,0.0541156861931562,0.5483742366142923,-2.79904589784501,275,2,3
13022,0.5,0.05,0.05,3,5,"level, macroscale, allow, material, response",5,0.07890142069495,0.6202430705063924,-1.4426769944049904,0.0541156861931562,0.5483742366142923,-2.79904589784501,275,1,7
13025,0.5,0.05,0.05,3,5,"beam, multibody, dynamic, system, uncertainty",5,-0.0176433576492206,0.5101355666789089,-2.147388328184706,0.0541156861931562,0.5483742366142923,-2.79904589784501,275,2,5
13042,0.5,0.05,0.05,3,5,"shell, rkpm, beam, kernel, kinematic",5,0.1883343841908415,0.6402392408929998,-2.22871988033253,0.0541156861931562,0.5483742366142923,-2.79904589784501,275,2,2
13058,0.5,0.05,0.05,3,5,"pinn, metal, data, constraint, energy",5,-0.126833088968685,0.5219514814630685,-3.5568754185691143,0.0541156861931562,0.5483742366142923,-2.79904589784501,275,2,4
13088,0.5,0.05,0.05,3,5,"shape, optimization, failure, life, component",5,0.0388083029026079,0.5091204161605425,-2.636503459761629,0.0541156861931562,0.5483742366142923,-2.79904589784501,275,2,3
13150,0.5,0.05,0.05,3,5,"uncertainty, stochastic, load, carlo, monte",5,0.3556427759564808,0.7944389505480279,-2.11609911034702,0.0541156861931562,0.5483742366142923,-2.79904589784501,275,2,5
13214,0.5,0.05,0.05,3,5,"diffusion, formulation, problem, concentration, interface",5,0.0297840096881675,0.5909426730486319,-1.993552482732317,0.0541156861931562,0.5483742366142923,-2.79904589784501,275,2,4
13264,0.5,0.05,0.05,3,5,"reduction, reduce, internal, via, condition",5,0.0681659445124785,0.3268960195644497,-2.0959944657202407,0.0541156861931562,0.5483742366142923,-2.79904589784501,275,2,2
13266,0.5,0.05,0.05,3,5,"benchmark, turbulent, artificial, calculate, road",5,-0.1284780011480927,0.2203374540223611,-5.187338817859343,0.0541156861931562,0.5483742366142923,-2.79904589784501,275,1,4
13267,0.5,0.05,0.05,3,5,"tire, computation, effect, st, flow",5,0.0826735953059425,0.581835199711146,-3.762282905086529,0.0541156861931562,0.5483742366142923,-2.79904589784501,275,2,4
13302,0.5,0.05,0.05,3,5,"time, step, scale, rate, heat",5,0.0318837013981264,0.6964065571791627,-2.2438994483881407,0.0541156861931562,0.5483742366142923,-2.79904589784501,275,2,5
13337,0.5,0.05,0.05,3,5,"stiffness, change, residual, phase, objective",5,-0.0662114877053099,0.266959544088328,-2.8187555789885628,0.0541156861931562,0.5483742366142923,-2.79904589784501,275,2,3
13345,0.5,0.05,0.05,3,5,"propagation, fracture, multiple, area, fluid",5,-0.1429008850803987,0.5379654844877206,-2.8272596971469266,0.0541156861931562,0.5483742366142923,-2.79904589784501,275,2,2
13366,0.5,0.05,0.05,3,5,"step, rubber, lagrangian, mesh, ale",5,0.1460556754378489,0.60976689829973,-2.515953387277455,0.0541156861931562,0.5483742366142923,-2.79904589784501,275,1,4
13367,0.5,0.05,0.05,3,5,"analysis, rotate, component, response, frequency",5,0.1249928594070589,0.4308581346598649,-2.193201737565528,0.0541156861931562,0.5483742366142923,-2.79904589784501,275,2,4
13374,0.5,0.05,0.05,3,5,"boundary, treatment, cell, wall, interaction",5,0.0905613986547761,0.7376279358308437,-2.4896800300533384,0.0541156861931562,0.5483742366142923,-2.79904589784501,275,2,3
13396,0.5,0.05,0.05,3,5,"constraint, move, three, shape, criterion",5,-0.0307551684996525,0.3770433916814809,-2.7171168406480013,0.0541156861931562,0.5483742366142923,-2.79904589784501,275,2,5
13444,0.5,0.05,0.05,3,5,"droplet, medium, spread, process, impact",5,0.1999876322111977,0.5681600557536959,-1.924806591059778,0.0541156861931562,0.5483742366142923,-2.79904589784501,275,2,3
13447,0.5,0.05,0.05,3,5,"data, identification, measurement, optimization, image",5,0.1192655578171963,0.6647353862239187,-2.234470968774054,0.0541156861931562,0.5483742366142923,-2.79904589784501,275,2,4
13450,0.5,0.05,0.05,3,5,"vector, reduction, basis, acoustic, optimization",5,-0.0049878868583549,0.3046268158979995,-2.862309149799912,0.0541156861931562,0.5483742366142923,-2.79904589784501,275,2,2
13452,0.5,0.05,0.05,3,5,"interaction, pd, peridynamics, effect, particle",5,0.1587649085110218,0.702405903016407,-2.03590044806439,0.0541156861931562,0.5483742366142923,-2.79904589784501,275,2,4
13454,0.5,0.05,0.05,3,5,"functional, discretization, certain, residual, initial",5,-0.4083847354893306,0.2370808559724181,-5.059912801423164,0.0541156861931562,0.5483742366142923,-2.79904589784501,275,2,4
13461,0.5,0.05,0.05,3,5,"electrical, field, release, branch, machine",5,-0.0720981955522555,0.4000969445861006,-4.854984134728804,0.0541156861931562,0.5483742366142923,-2.79904589784501,275,2,3
13472,0.5,0.05,0.05,3,5,"delamination, adaptive, growth, shell, unstructured",5,-0.0806887806612994,0.3192711797604012,-8.665759324756984,0.0541156861931562,0.5483742366142923,-2.79904589784501,275,2,2
13487,0.5,0.05,0.05,3,5,"surface, effective, modulus, inhomogeneity, composite",5,0.0868701298703496,0.531999646271341,-2.5918148991390404,0.0541156861931562,0.5483742366142923,-2.79904589784501,275,2,2
13519,0.5,0.05,0.05,3,5,"nonlinear, cg, fftbased, thermal, gradient",5,0.0593929096220438,0.5014979485557113,-4.420468949689539,0.0541156861931562,0.5483742366142923,-2.79904589784501,275,2,4
13559,0.5,0.05,0.05,3,5,"multiscale, vary, porosity, alloy, cast",5,0.1692534898561233,0.7766206657820527,-2.6966710978343555,0.0541156861931562,0.5483742366142923,-2.79904589784501,275,2,5
13572,0.5,0.05,0.05,3,5,"sensitivity, fiber, transverse, parameter, failure",5,0.1869342781737564,0.4866694525481631,-2.0283230809912656,0.0541156861931562,0.5483742366142923,-2.79904589784501,275,1,3
13594,0.5,0.05,0.05,3,5,"distribution, estimate, inverse, characterization, property",5,0.1780500093797291,0.8224154308267606,-2.3595070542474827,0.0541156861931562,0.5483742366142923,-2.79904589784501,275,2,4
13598,0.5,0.05,0.05,3,5,"fiber, composite, failure, loading, fibre",5,-0.0100798119179933,0.6519554560463628,-4.45928964036313,0.0541156861931562,0.5483742366142923,-2.79904589784501,275,2,7
13601,0.5,0.05,0.05,3,5,"smooth, type, incompressible, enables, mesh",5,0.0646201619066522,0.3313393778182883,-2.384219357566544,0.0541156861931562,0.5483742366142923,-2.79904589784501,275,2,1
13618,0.5,0.05,0.05,3,5,"fsi, control, study, interaction, partition",5,0.1586100757869393,0.6798425598572183,-2.037104663756854,0.0541156861931562,0.5483742366142923,-2.79904589784501,275,2,4
13623,0.5,0.05,0.05,3,5,"flow, fluid, implementation, state, incompressible",5,0.0336527587085517,0.4173698793403153,-2.680601654655617,0.0541156861931562,0.5483742366142923,-2.79904589784501,275,2,2
13626,0.5,0.05,0.05,3,5,"cell, matrix, stiffness, domain, meshfree",5,0.0819713488511176,0.4661016942115624,-2.3580562112917534,0.0541156861931562,0.5483742366142923,-2.79904589784501,275,2,4
13631,0.5,0.05,0.05,3,5,"time, system, algorithm, newmark, integrator",5,0.1089475298729719,0.6807640385596558,-2.863421440601568,0.0541156861931562,0.5483742366142923,-2.79904589784501,275,2,3
13632,0.5,0.05,0.05,3,5,"macroscopic, fe, parallel, turbine, computation",5,-0.1172184164625652,0.2742926235711184,-6.740197084936076,0.0541156861931562,0.5483742366142923,-2.79904589784501,275,2,5
13641,0.5,0.05,0.05,3,5,"diffusion, temperature, thermomechanical, crack, space",5,-0.0317215961180631,0.6214971897972096,-2.613910322036753,0.0541156861931562,0.5483742366142923,-2.79904589784501,275,2,2
13642,0.5,0.05,0.05,3,5,"shell, laminate, damage, kirchhofflove, composite",5,0.2543685666963463,0.848634433392926,-1.986214587401549,0.0541156861931562,0.5483742366142923,-2.79904589784501,275,2,3
13655,0.5,0.05,0.05,3,5,"dispersion, wave, study, mass, fourier",5,0.0970358314382799,0.6365729193908269,-2.1759113055140724,0.0541156861931562,0.5483742366142923,-2.79904589784501,275,2,4
13666,0.5,0.05,0.05,3,5,"compare, fullfield, data, spectral, allow",5,0.1138860878100019,0.471726769259721,-2.409342443750772,0.0541156861931562,0.5483742366142923,-2.79904589784501,275,2,1
13673,0.5,0.05,0.05,3,5,"reduce, basis, proper, base, decomposition",5,0.1527927749289586,0.5483523161144918,-1.541273460449571,0.0541156861931562,0.5483742366142923,-2.79904589784501,275,2,1
13678,0.5,0.05,0.05,3,5,"fluid, learn, first, real, extract",5,-0.1591576502912667,0.3477833146558584,-2.880551807174893,0.0541156861931562,0.5483742366142923,-2.79904589784501,275,2,3
13681,0.5,0.05,0.05,3,5,"irregular, wall, structure, stochastic, analysis",5,0.1787973565655836,0.4818215062475473,-1.7378052971790097,0.0541156861931562,0.5483742366142923,-2.79904589784501,275,2,2
13682,0.5,0.05,0.05,3,5,"magnetic, within, flow, scale, blood",5,0.1498487932134989,0.5644404671522624,-2.8672936870515238,0.0541156861931562,0.5483742366142923,-2.79904589784501,275,2,2
13684,0.5,0.05,0.05,3,5,"experimental, data, approach, acoustic, fracture",5,-0.2132434452862512,0.4312495799125314,-6.725569281742061,0.0541156861931562,0.5483742366142923,-2.79904589784501,275,1,12
13685,0.5,0.05,0.05,3,5,"meshfree, gradient, collocation, order, recursive",5,0.3553798368302819,0.8037928657454252,-2.393289377283906,0.0541156861931562,0.5483742366142923,-2.79904589784501,275,2,6
13686,0.5,0.05,0.05,3,5,"temperature, tissue, heat, pressure, suggest",5,0.0089900799832078,0.4760472051764372,-2.6068567546310737,0.0541156861931562,0.5483742366142923,-2.79904589784501,275,2,3
13687,0.5,0.05,0.05,3,5,"computation, turbine, st, flow, discretization",5,0.2463358651984304,0.8146644882513556,-1.1174469891949312,0.0541156861931562,0.5483742366142923,-2.79904589784501,275,2,5
13697,0.5,0.05,0.05,3,5,"time, representation, convergence, rate, fractional",5,0.0016824663115289,0.3802323041086479,-4.958367882564764,0.0541156861931562,0.5483742366142923,-2.79904589784501,275,2,4
13709,0.5,0.05,0.05,3,5,"macroscopic, limit, microstructure, variant, force",5,-0.0878071602665192,0.4304426899341134,-4.952996686173394,0.0541156861931562,0.5483742366142923,-2.79904589784501,275,2,3
13715,0.5,0.05,0.05,3,5,"principal, x, implementation, symmetric, stretch",5,0.1142375739812798,0.5661348385852347,-2.178888215994012,0.0541156861931562,0.5483742366142923,-2.79904589784501,275,2,3
13728,0.5,0.05,0.05,3,5,"kind, geometry, multiple, peridynamic, convergence",5,-0.3637766562500798,0.2687576661156251,-4.902777512222021,0.0541156861931562,0.5483742366142923,-2.79904589784501,275,2,4
13733,0.5,0.05,0.05,3,5,"contact, body, nonsmooth, balance, computation",5,0.0765377194818793,0.5707242750233752,-2.0963719733374115,0.0541156861931562,0.5483742366142923,-2.79904589784501,275,2,4
13736,0.5,0.05,0.05,3,5,"displacement, support, plate, bend, principle",5,0.107969942582588,0.5926425033836419,-2.3399861333819403,0.0541156861931562,0.5483742366142923,-2.79904589784501,275,2,4
13746,0.5,0.05,0.05,3,5,"solid, embed, beam, fiber, geometrically",5,-0.0653503637444639,0.5902861180542069,-2.5997399512698327,0.0541156861931562,0.5483742366142923,-2.79904589784501,275,2,3
13748,0.5,0.05,0.05,3,5,"blade, turbine, wind, impact, configuration",5,0.1345988809970305,0.4441700209680809,-1.6208950020767954,0.0541156861931562,0.5483742366142923,-2.79904589784501,275,2,2
13750,0.5,0.05,0.05,3,5,"defect, structure, point, lattice, geometrical",5,0.003160742240276,0.565416752054585,-2.2305839961385123,0.0541156861931562,0.5483742366142923,-2.79904589784501,275,2,3
13752,0.5,0.05,0.05,3,5,"optimization, two, uncertainty, convergence, process",5,-0.021035469256439,0.4224341619241877,-2.111380175200662,0.0541156861931562,0.5483742366142923,-2.79904589784501,275,2,2
13757,0.5,0.05,0.05,3,5,"optimization, reliable, space, load, snapshot",5,0.0106221433381119,0.5407571294748328,-2.969568821601772,0.0541156861931562,0.5483742366142923,-2.79904589784501,275,2,2
13759,0.5,0.05,0.05,3,5,"stress, material, state, deformable, current",5,-0.1661923306588644,0.6610848697647312,-3.2202702755657606,0.0541156861931562,0.5483742366142923,-2.79904589784501,275,2,4
13761,0.5,0.05,0.05,3,5,"twin, distribution, crystalline, morphology, system",5,-0.1759432734523184,0.464197340121412,-6.095559400901637,0.0541156861931562,0.5483742366142923,-2.79904589784501,275,2,2
13762,0.5,0.05,0.05,3,5,"stress, nodal, position, recover, node",5,-0.0095355277976837,0.4473864724087216,-6.796264026917605,0.0541156861931562,0.5483742366142923,-2.79904589784501,275,2,3
13765,0.5,0.05,0.05,3,5,"iga, geometry, metamaterials, microstructural, isogeometric",5,0.0421471795143827,0.4139477783589261,-2.451835241163073,0.0541156861931562,0.5483742366142923,-2.79904589784501,275,2,1
13767,0.5,0.05,0.05,3,5,"machine, tool, heat, realtime, without",5,0.0275210043027554,0.5159386767950591,-2.5674789477726288,0.0541156861931562,0.5483742366142923,-2.79904589784501,275,2,1
13768,0.5,0.05,0.05,3,5,"mesh, move, computation, motion, way",5,0.0202102971452352,0.7240050200108452,-2.436494141836859,0.0541156861931562,0.5483742366142923,-2.79904589784501,275,2,1
13769,0.5,0.05,0.05,3,5,"fiber, orientation, model, state, effective",5,0.1621388244282001,0.7143929188413065,-1.6624080524641556,0.0541156861931562,0.5483742366142923,-2.79904589784501,275,2,3
13770,0.5,0.05,0.05,3,5,"tire, mesh, st, contact, thermal",5,-0.0629832864687794,0.6529602996492108,-2.026151442330387,0.0541156861931562,0.5483742366142923,-2.79904589784501,275,2,3
13771,0.5,0.05,0.05,3,5,"zss, discretization, initial, guess, increase",5,0.2822223709042764,0.7778106026495786,-2.4581936131801454,0.0541156861931562,0.5483742366142923,-2.79904589784501,275,2,2
13774,0.5,0.05,0.05,3,5,"pressure, form, nodal, velocity, flow",5,-0.0446579202039323,0.4413051816416373,-4.456739991296623,0.0541156861931562,0.5483742366142923,-2.79904589784501,275,2,3
13780,0.5,0.05,0.05,3,5,"element, parameter, dc, discretization, expression",5,0.1081961170541177,0.7241987673734611,-2.7975348525568733,0.0541156861931562,0.5483742366142923,-2.79904589784501,275,2,3
13783,0.5,0.05,0.05,3,5,"automatic, evaluation, differentiation, implementation, close",5,0.054797031618617,0.489290277127949,-2.458044898654459,0.0541156861931562,0.5483742366142923,-2.79904589784501,275,2,2
13786,0.5,0.05,0.05,3,5,"contact, system, void, angle, anisotropy",5,0.0644734963345404,0.3275204281846403,-3.268346020946253,0.0541156861931562,0.5483742366142923,-2.79904589784501,275,2,3
13788,0.5,0.05,0.05,3,5,"shell, matrix, surface, thickness, additional",5,0.0596067084629624,0.5444005023310123,-2.2724089888096355,0.0541156861931562,0.5483742366142923,-2.79904589784501,275,2,8
13789,0.5,0.05,0.05,3,5,"tire, st, road, fluid, geometry",5,0.1742300761694125,0.7185432546016891,-1.3162785288225325,0.0541156861931562,0.5483742366142923,-2.79904589784501,275,2,2
13796,0.5,0.05,0.05,3,5,"integral, line, boundary, nearly, apply",5,-0.0132685221991799,0.3343613096317882,-4.311718357627068,0.0541156861931562,0.5483742366142923,-2.79904589784501,275,2,4
13797,0.5,0.05,0.05,3,5,"enrichment, globallocal, gxfem, local, function",5,0.3423544393025865,0.8292143875088522,-0.8259364078627106,0.0541156861931562,0.5483742366142923,-2.79904589784501,275,2,3
13801,0.5,0.05,0.05,3,5,"decomposition, domain, convergence, conventional, high",5,-0.0388046971726245,0.4854450955994522,-2.02320836979528,0.0541156861931562,0.5483742366142923,-2.79904589784501,275,2,3
13802,0.5,0.05,0.05,3,5,"regularization, inverse, traction, constraint, well",5,0.1238124530155236,0.4701338869257618,-1.9104207484475493,0.0541156861931562,0.5483742366142923,-2.79904589784501,275,2,2
13803,0.5,0.05,0.05,3,5,"imperfection, inverse, defect, geometric, response",5,0.286050352582792,0.6718302717167465,-1.5828364601146998,0.0541156861931562,0.5483742366142923,-2.79904589784501,275,1,3
13804,0.5,0.05,0.05,3,5,"system, degree, freedom, nonlinear, approximation",5,0.1140521461067123,0.5887404850733808,-1.7025894132974706,0.0541156861931562,0.5483742366142923,-2.79904589784501,275,2,2
13810,0.5,0.05,0.05,3,5,"equivalent, computation, system, process, reducedorder",5,0.0308218876010691,0.4865554860246088,-2.653193661433303,0.0541156861931562,0.5483742366142923,-2.79904589784501,275,2,1
13812,0.5,0.05,0.05,3,5,"shape, design, various, observe, facilitate",5,-0.1503872643537503,0.4310146025365677,-2.91424601097155,0.0541156861931562,0.5483742366142923,-2.79904589784501,275,2,2
13817,0.5,0.05,0.05,3,5,"wing, growth, viscous, momentum, system",5,-0.1347292775188653,0.3560201263852802,-6.042380220403976,0.0541156861931562,0.5483742366142923,-2.79904589784501,275,2,2
13827,0.5,0.05,0.05,3,5,"composite, process, solver, uncertain, polymer",5,-0.1682854606628087,0.3221744927996678,-9.308727992060644,0.0541156861931562,0.5483742366142923,-2.79904589784501,275,2,3
13829,0.5,0.05,0.05,3,5,"surface, wave, layer, concept, subdomain",5,0.0305075782557594,0.2523929791511133,-3.2498895921962143,0.0541156861931562,0.5483742366142923,-2.79904589784501,275,2,3
13830,0.5,0.05,0.05,3,5,"assembly, fe, behaviour, commonly, occur",5,-0.2136413977191054,0.6304268884407994,-2.465847463655112,0.0541156861931562,0.5483742366142923,-2.79904589784501,275,2,2
13831,0.5,0.05,0.05,3,5,"unified, arbitrary, homogenization, problem, develop",5,-0.0897593076089983,0.4576240050067419,-1.497409447406545,0.0541156861931562,0.5483742366142923,-2.79904589784501,275,2,1
13833,0.5,0.05,0.05,3,5,"thermal, thermoelastic, cubic, structural, deformation",5,-0.0760329408665335,0.5209464139897194,-1.849278651066304,0.0541156861931562,0.5483742366142923,-2.79904589784501,275,2,2
13834,0.5,0.05,0.05,3,5,"localization, condition, plane, angle, plasticity",5,0.2009086624847199,0.6672652528673122,-2.301014307360565,0.0541156861931562,0.5483742366142923,-2.79904589784501,275,2,2
13835,0.5,0.05,0.05,3,5,"study, isotropic, elasticity, loworder, vem",5,0.1767927885737471,0.7310365469299624,-3.024111755669522,0.0541156861931562,0.5483742366142923,-2.79904589784501,275,1,1
13839,0.5,0.05,0.05,3,5,"discretization, computation, shell, zss, structure",5,-0.0945750509810258,0.5049686490897742,-1.7686122951451075,0.0541156861931562,0.5483742366142923,-2.79904589784501,275,2,3
13841,0.5,0.05,0.05,3,5,"nonlocal, deposition, configuration, mesh, move",5,-0.224560979658405,0.4435041178702869,-2.5830665473182024,0.0541156861931562,0.5483742366142923,-2.79904589784501,275,2,4
13844,0.5,0.05,0.05,3,5,"model, input, strain, ability, viscoelasticity",5,0.0192334125353717,0.503791752552468,-2.97485290707509,0.0541156861931562,0.5483742366142923,-2.79904589784501,275,2,2
13847,0.5,0.05,0.05,3,5,"large, inherent, yet, deformation, laser",5,0.0465268153204118,0.549034624727349,-2.590836729263667,0.0541156861931562,0.5483742366142923,-2.79904589784501,275,2,1
13851,0.5,0.05,0.05,3,5,"motivate, information, numerically, thermal, extension",5,-0.3975889223961933,0.356791847873826,-2.483685852483652,0.0541156861931562,0.5483742366142923,-2.79904589784501,275,2,2
13852,0.5,0.05,0.05,3,5,"direction, plane, fibre, vem, loworder",5,0.2116612852266778,0.7543701929030506,-2.744611102574084,0.0541156861931562,0.5483742366142923,-2.79904589784501,275,2,1
13854,0.5,0.05,0.05,3,5,"stiffness, matrix, fractional, formulation, diffusion",5,0.2144196173279779,0.7158992025332899,-2.371761389132652,0.0541156861931562,0.5483742366142923,-2.79904589784501,275,2,2
13855,0.5,0.05,0.05,3,5,"beam, strain, eng, appl, comput",5,0.2971559259054034,0.8409502187009703,-2.2805364791027727,0.0541156861931562,0.5483742366142923,-2.79904589784501,275,2,1
13856,0.5,0.05,0.05,3,5,"constraint, equation, critical, one, stability",5,0.0345682419959431,0.3614953241088909,-2.5000246830354995,0.0541156861931562,0.5483742366142923,-2.79904589784501,275,2,2
13857,0.5,0.05,0.05,3,5,"analysis, thermofluid, disk, flow, heat",5,0.2920356686543889,0.773881179451487,-2.134119405280554,0.0541156861931562,0.5483742366142923,-2.79904589784501,275,2,1
13858,0.5,0.05,0.05,3,5,"particle, liquid, microstructure, fluid, due",5,-0.0797370465867813,0.5234605724047793,-2.2509096263108264,0.0541156861931562,0.5483742366142923,-2.79904589784501,275,2,1
13859,0.5,0.05,0.05,3,5,"monolithic, formulation, hybrid, strong, robust",5,-0.0506329482979621,0.4912947023590054,-2.2698144601230354,0.0541156861931562,0.5483742366142923,-2.79904589784501,275,2,1
13860,0.5,0.05,0.05,3,5,"damage, interphase, within, discontinuity, gradient",5,0.1027538105063747,0.5050655679827685,-4.054685916710799,0.0541156861931562,0.5483742366142923,-2.79904589784501,275,2,2
13861,0.5,0.05,0.05,3,5,"water, shell, displacement, simple, plane",5,-0.2050986005313696,0.3887455274826268,-8.697033028398645,0.0541156861931562,0.5483742366142923,-2.79904589784501,275,2,2
13862,0.5,0.05,0.05,3,5,"configuration, arterial, map, estimation, target",5,0.1333263022770862,0.7744367872988028,-2.2765168067060584,0.0541156861931562,0.5483742366142923,-2.79904589784501,275,2,1
13863,0.5,0.05,0.05,3,5,"time, integrator, scale, explicit, contact",5,0.1743977957283519,0.6256897634425937,-2.336098677295032,0.0541156861931562,0.5483742366142923,-2.79904589784501,275,2,2
13864,0.5,0.05,0.05,3,5,"polymer, composite, filler, viscoelasticity, predict",5,0.1086052920704557,0.906659951173596,-2.0459003064887846,0.0541156861931562,0.5483742366142923,-2.79904589784501,275,2,1
13865,0.5,0.05,0.05,3,5,"projection, macroscopic, robustness, nonlinearity, value",5,-0.2736938800602796,0.6305201621364421,-2.9756922913055863,0.0541156861931562,0.5483742366142923,-2.79904589784501,275,2,1
13866,0.5,0.05,0.05,3,5,"variant, shell, nonsymmetric, symmetric, variational",5,0.0236562725859131,0.4495048648672844,-2.579215541490638,0.0541156861931562,0.5483742366142923,-2.79904589784501,275,2,1
13867,0.5,0.05,0.05,3,5,"yield, rod, surface, crosssection, field",5,0.0996040681003005,0.5023008609891843,-1.9662570606059808,0.0541156861931562,0.5483742366142923,-2.79904589784501,275,1,2
13868,0.5,0.05,0.05,3,5,"surface, level, set, free, interface",5,0.066797192705106,0.5291123750753813,-2.1887792300604523,0.0541156861931562,0.5483742366142923,-2.79904589784501,275,2,2
13869,0.5,0.05,0.05,3,5,"mechanical, diagram, response, phase, line",5,-0.0040498822788408,0.4832534506052006,-2.649940088203641,0.0541156861931562,0.5483742366142923,-2.79904589784501,275,1,2
13870,0.5,0.05,0.05,3,5,"structure, part, technique, lattice, total",5,-0.0559131664450861,0.5139142291442163,-2.89565398239884,0.0541156861931562,0.5483742366142923,-2.79904589784501,275,2,2
13871,0.5,0.05,0.05,3,5,"shell, damage, formulation, kirchhofflove, ii",5,-0.0890395933246611,0.6762089760949138,-2.4677053733382777,0.0541156861931562,0.5483742366142923,-2.79904589784501,275,2,1
13872,0.5,0.05,0.05,3,5,"structure, imperfection, random, geometrical, load",5,0.1228725121122735,0.7553925253859781,-2.4493035235483447,0.0541156861931562,0.5483742366142923,-2.79904589784501,275,2,1
13873,0.5,0.05,0.05,3,5,"reduction, analysis, basis, number, stress",5,-0.0038249220617752,0.3967902736600585,-1.8759307936240497,0.0541156861931562,0.5483742366142923,-2.79904589784501,275,2,1
13874,0.5,0.05,0.05,3,5,"mechanic, additive, fluid, deposition, fea",5,-0.0008507725420406,0.5192876346045068,-7.166052217415031,0.0541156861931562,0.5483742366142923,-2.79904589784501,275,2,2
13875,0.5,0.05,0.05,3,5,"wavelet, excellent, node, approximate, trial",5,0.0134904764298419,0.3669361993476855,-2.3911378518869046,0.0541156861931562,0.5483742366142923,-2.79904589784501,275,2,1
13876,0.5,0.05,0.05,3,5,"fold, rotation, plate, method, introduce",5,0.123910491593999,0.3577207982590246,-1.1093436863127215,0.0541156861931562,0.5483742366142923,-2.79904589784501,275,2,1
13877,0.5,0.05,0.05,3,5,"wake, flow, solver, mesh, embed",5,-0.0595235517527068,0.4867173967102606,-1.8385732870878064,0.0541156861931562,0.5483742366142923,-2.79904589784501,275,2,1
13878,0.5,0.05,0.05,3,5,"crack, fatigue, force, brittle, substrate",5,0.13236724807907,0.7631334705622479,-2.959289880757708,0.0541156861931562,0.5483742366142923,-2.79904589784501,275,2,1
13879,0.5,0.05,0.05,3,5,"flow, field, shape, pressure, predict",5,0.0366048272718329,0.4366425978838101,-2.238714033753489,0.0541156861931562,0.5483742366142923,-2.79904589784501,275,2,1
13880,0.5,0.05,0.05,3,5,"test, characterization, configuration, eg, finally",5,-0.1003104343644191,0.5204917895880611,-2.601683138511929,0.0541156861931562,0.5483742366142923,-2.79904589784501,275,2,1
13881,0.5,0.05,0.05,3,5,"parametric, gaussian, data, capable, upon",5,0.1767549374401212,0.5457177295338032,-2.53044502778144,0.0541156861931562,0.5483742366142923,-2.79904589784501,275,2,1
13882,0.5,0.05,0.05,3,5,"high, engineering, first, bulk, perform",5,0.0231062772072013,0.4612045777125795,-2.533810632019509,0.0541156861931562,0.5483742366142923,-2.79904589784501,275,2,1
13883,0.5,0.05,0.05,3,5,"computational, st, porosity, discretization, method",5,0.1459440512877423,0.4975765880370046,-1.647344292819258,0.0541156861931562,0.5483742366142923,-2.79904589784501,275,2,1
13884,0.5,0.05,0.05,3,5,"nonsmooth, application, algorithm, signal, datadriven",5,-0.2831645881285767,0.3669576724116252,-6.807072212559881,0.0541156861931562,0.5483742366142923,-2.79904589784501,275,1,3
13885,0.5,0.05,0.05,3,5,"manifold, learn, paper, motion, signal",5,-0.2098942282817642,0.3980742673892019,-4.676900165527458,0.0541156861931562,0.5483742366142923,-2.79904589784501,275,2,2
13886,0.5,0.05,0.05,3,5,"property, study, thermal, homogenization, optimal",5,0.0092966298865905,0.5041450015044576,-2.4833774718959,0.0541156861931562,0.5483742366142923,-2.79904589784501,275,2,1
13887,0.5,0.05,0.05,3,5,"rotate, angle, core, modulus, beam",5,0.1542160900784712,0.1684025046033246,-2.3483391417577013,0.0541156861931562,0.5483742366142923,-2.79904589784501,275,2,1
13888,0.5,0.05,0.05,3,5,"time, scale, experiment, limit, combine",5,-0.0021587891097555,0.4365634152528933,-2.3568481453053867,0.0541156861931562,0.5483742366142923,-2.79904589784501,275,2,2
13889,0.5,0.05,0.05,3,5,"elastoplasticity, yield, related, search, penalty",5,-0.2026333040105169,0.5497802956054733,-2.44710338991104,0.0541156861931562,0.5483742366142923,-2.79904589784501,275,2,1
13890,0.5,0.05,0.05,3,5,"population, infection, direct, construction, computational",5,-0.0768492460611219,0.5979729089491277,-1.4956986386402806,0.0541156861931562,0.5483742366142923,-2.79904589784501,275,2,2
13891,0.5,0.05,0.05,3,5,"constituent, composite, test, stressstrain, individual",5,0.1426433482477471,0.6954635612588393,-2.340022150916366,0.0541156861931562,0.5483742366142923,-2.79904589784501,275,2,2
13892,0.5,0.05,0.05,3,5,"polyhedron, scale, geometry, new, applicable",5,-0.0082070499519706,0.476702984937528,-2.113661145862534,0.0541156861931562,0.5483742366142923,-2.79904589784501,275,2,2
13893,0.5,0.05,0.05,3,5,"function, moment, discontinuous, highorder, fit",5,0.2656024187669462,0.780894719863283,-2.7286536796337435,0.0541156861931562,0.5483742366142923,-2.79904589784501,275,2,1
13894,0.5,0.05,0.05,3,5,"pdes, different, operator, show, carry",5,-0.0389742664548141,0.441570510928513,-2.119674805031031,0.0541156861931562,0.5483742366142923,-2.79904589784501,275,2,1
13895,0.5,0.05,0.05,3,5,"poroelastic, test, poisson, identification, generic",5,-0.3341209620379289,0.5732100228421502,-2.79045887575684,0.0541156861931562,0.5483742366142923,-2.79904589784501,275,2,1
13896,0.5,0.05,0.05,3,5,"cut, process, improvement, mechanic, area",5,-0.1148314723971239,0.3091795502694399,-2.659009189868803,0.0541156861931562,0.5483742366142923,-2.79904589784501,275,2,1
13897,0.5,0.05,0.05,3,5,"viscoplastic, rate, strain, principle, case",5,0.0773258354218153,0.6962474100340539,-1.5433807914423852,0.0541156861931562,0.5483742366142923,-2.79904589784501,275,2,1
13898,0.5,0.05,0.05,3,5,"smooth, quality, subdomains, exact, absorption",5,-0.3731463537520955,0.2503132545312419,-11.72831390146282,0.0541156861931562,0.5483742366142923,-2.79904589784501,275,2,2
13899,0.5,0.05,0.05,3,5,"algorithm, configuration, decomposition, deformation, new",5,0.0668437652374806,0.5226659510748117,-1.7630455946729753,0.0541156861931562,0.5483742366142923,-2.79904589784501,275,2,1
13900,0.5,0.05,0.05,3,5,"vfm, regularization, optimization, inverse, property",5,0.2160554522274958,0.7763090780934098,-1.3743949488451008,0.0541156861931562,0.5483742366142923,-2.79904589784501,275,2,1
13901,0.5,0.05,0.05,3,5,"instability, system, stochastic, analysis, dynamic",5,0.0771379962062946,0.553239809255458,-1.7251868918323552,0.0541156861931562,0.5483742366142923,-2.79904589784501,275,2,1
13902,0.5,0.05,0.05,3,5,"cylindrical, polycrystalline, grain, dislocation, tensor",5,0.0131693531365081,0.9387267211394204,-2.242582971952916,0.0541156861931562,0.5483742366142923,-2.79904589784501,275,2,1
13903,0.5,0.05,0.05,3,5,"adhesive, fatigue, life, complex, structural",5,0.2626990224717954,0.6633335863201996,-1.709465853020916,0.0541156861931562,0.5483742366142923,-2.79904589784501,275,2,1
13904,0.5,0.05,0.05,3,5,"output, weight, ann, calibration, attention",5,0.1019474272581537,0.5023944192590053,-2.118185455626352,0.0541156861931562,0.5483742366142923,-2.79904589784501,275,2,2
13905,0.5,0.05,0.05,3,5,"warp, mode, generic, discontinuous, weight",5,-0.2995576322521597,0.4081877450057658,-2.524814380072116,0.0541156861931562,0.5483742366142923,-2.79904589784501,275,2,1
13906,0.5,0.05,0.05,3,5,"kinematics, structure, theory, kinematic, compact",5,-0.0789112356256764,0.3220997997815408,-3.0874307271390413,0.0541156861931562,0.5483742366142923,-2.79904589784501,275,2,1
13907,0.5,0.05,0.05,3,5,"domain, behavior, interior, external, crucial",5,-0.1779656494415704,0.4261450178058898,-3.3275525748682613,0.0541156861931562,0.5483742366142923,-2.79904589784501,275,2,1
13908,0.5,0.05,0.05,3,5,"solid, beam, part, transition, crosssection",5,-0.1698036343107015,0.7160566712297861,-3.0776278868027958,0.0541156861931562,0.5483742366142923,-2.79904589784501,275,2,1
13909,0.5,0.05,0.05,3,5,"void, fast, matrix, accomplish, simultaneously",5,-0.0460680235357292,0.3236349346462795,-2.8250513652932603,0.0541156861931562,0.5483742366142923,-2.79904589784501,275,2,1
13910,0.5,0.05,0.05,3,5,"approach, simple, assess, layer, include",5,0.0026769092863301,0.5689722143441619,-2.1797841813434045,0.0541156861931562,0.5483742366142923,-2.79904589784501,275,2,1
13911,0.5,0.05,0.05,3,5,"pore, formation, cast, different, investigation",5,0.1558231361535081,0.6370919260122638,-2.1110671818391635,0.0541156861931562,0.5483742366142923,-2.79904589784501,275,2,1
13912,0.5,0.05,0.05,3,5,"damage, ratedependent, generalize, variable, viscoelasticity",5,0.1963650027623452,0.664658128862521,-2.691825928478425,0.0541156861931562,0.5483742366142923,-2.79904589784501,275,2,1
13913,0.5,0.05,0.05,3,5,"pod, stability, condition, rom, interpolation",5,0.1693108164328781,0.6717954983834866,-2.183048477651897,0.0541156861931562,0.5483742366142923,-2.79904589784501,275,2,1
13914,0.5,0.05,0.05,3,5,"energy, device, specific, transmission, couple",5,0.1970764468160979,0.6170675513939085,-2.3877117910033885,0.0541156861931562,0.5483742366142923,-2.79904589784501,275,2,1
13915,0.5,0.05,0.05,3,5,"pd, stabilize, severe, damage, oscillation",5,-0.0758148448121869,0.5893429013820078,-2.451637491759145,0.0541156861931562,0.5483742366142923,-2.79904589784501,275,2,1
