K,Alpha,Eta,Run_Index,LL_per_word,Weighted_NPMI,Weighted_Cv,Unweighted_NPMI,Unweighted_Cv,Perplexity,Weighted_Renyi_Entropy,JSD_Diversity,Iterations,Converged,Time_sec
10,0.1,0.01,1,-6.916121055,0.026349627,0.475015604,0.032639042,0.486156254,1008.400867,4.427095158,0.901187142,1260,Yes,5.594884396
10,0.1,0.01,2,-6.93795659,0.028328557,0.493778427,0.033303383,0.503858943,1030.661997,4.469890676,0.893540894,1300,Yes,5.560611248
10,0.1,0.01,3,-6.89699699,0.034200875,0.49788587,0.043094531,0.512358103,989.2993745,4.436845317,0.89203702,1500,Yes,6.352429628
10,0.1,0.01,4,-6.925807877,0.019484991,0.511006016,0.023838616,0.526775927,1018.216531,4.459294831,0.90095406,1190,Yes,5.289489269
10,0.1,0.01,5,-6.909348406,0.038256914,0.526368184,0.049606182,0.540856277,1001.594397,4.482467901,0.880406045,1120,Yes,4.949090958
20,0.1,0.01,1,-6.946591592,0.039285075,0.516530614,0.048161647,0.534032786,1039.6003,4.035090721,0.927396642,1120,Yes,5.860364437
20,0.1,0.01,2,-6.923641145,0.037767792,0.521623871,0.048295457,0.545271307,1016.012717,4.061464382,0.938900204,1320,Yes,6.745973825
20,0.1,0.01,3,-6.938474191,0.041265209,0.520202822,0.050744225,0.532428055,1031.195606,4.052355146,0.926918685,1470,Yes,7.28750968
20,0.1,0.01,4,-6.924553031,0.029658657,0.476514312,0.03739069,0.500827869,1016.939628,4.079400682,0.924456856,1270,Yes,6.391960382
20,0.1,0.01,5,-6.950270137,0.030690052,0.502232292,0.037246681,0.52462143,1043.431559,3.939464278,0.931223976,1120,Yes,5.780095816
40,0.1,0.01,1,-6.980478265,0.042255431,0.50023543,0.052143994,0.529817488,1075.432586,3.606371311,0.953654968,1540,Yes,9.943891287
40,0.1,0.01,2,-6.964860642,0.036039336,0.497716782,0.05339284,0.535187103,1058.767359,3.576858549,0.953489734,1690,Yes,10.54607964
40,0.1,0.01,3,-6.955328927,0.040428806,0.490215675,0.054964453,0.524555536,1048.723435,3.555354956,0.956960331,1110,Yes,7.511117458
40,0.1,0.01,4,-6.954618413,0.052175459,0.50467985,0.05645784,0.519870814,1047.978566,3.573231351,0.956866358,1450,Yes,9.361843586
40,0.1,0.01,5,-6.9893382,0.04066765,0.507992597,0.053072551,0.548300776,1085.003183,3.633704412,0.954341609,1210,Yes,8.111025333
60,0.1,0.01,1,-7.02499059,0.041588354,0.497734119,0.0493481,0.529279507,1124.383978,3.340598403,0.964432374,1220,Yes,10.4762578
60,0.1,0.01,2,-7.013759508,0.042789488,0.509885956,0.062394099,0.556504254,1111.826578,3.398768782,0.966464095,1230,Yes,10.41352987
60,0.1,0.01,3,-7.006532637,0.041436363,0.50830535,0.058712178,0.552805491,1103.820516,3.366810199,0.966524605,1150,Yes,9.870356083
60,0.1,0.01,4,-6.984328418,0.040363127,0.509122161,0.047360444,0.530715094,1079.581147,3.37164619,0.967125057,1560,Yes,12.6072917
60,0.1,0.01,5,-6.980267446,0.042126258,0.508607338,0.057005849,0.543392229,1075.205888,3.38213457,0.967493987,2200,Yes,16.6361661
80,0.1,0.01,1,-7.019830347,0.036038892,0.507719551,0.046630493,0.549387325,1118.596829,3.195595988,0.971762458,1120,Yes,11.48377681
80,0.1,0.01,2,-7.004335864,0.033953724,0.499418063,0.039549837,0.537185635,1101.398334,3.171140825,0.973949381,1440,Yes,14.13285613
80,0.1,0.01,3,-7.010222933,0.035260404,0.500132506,0.046180746,0.534327558,1107.901465,3.160216832,0.971434818,1260,Yes,12.64688849
80,0.1,0.01,4,-6.989008567,0.041753886,0.512266672,0.046026904,0.533331209,1084.64559,3.177848804,0.974308686,2360,Yes,20.86495805
80,0.1,0.01,5,-6.991422942,0.043472788,0.500414615,0.050773168,0.537258814,1087.267495,3.214244499,0.971771476,1780,Yes,16.36432886
100,0.1,0.01,1,-7.066226717,0.031583577,0.493455545,0.030630243,0.517753389,1171.718457,3.107597247,0.97279137,1370,Yes,16.06464553
100,0.1,0.01,2,-7.021079073,0.026853465,0.5066126,0.019628482,0.523297899,1119.994522,3.079751536,0.975236684,1810,Yes,19.78720713
100,0.1,0.01,3,-7.0480943,0.028521245,0.493604322,0.027495001,0.520090632,1150.663832,3.064000871,0.975124117,1230,Yes,14.8539207
100,0.1,0.01,4,-7.018116833,0.034523507,0.500766076,0.030834666,0.525058791,1116.681738,3.085219125,0.975828641,1410,Yes,16.23641062
100,0.1,0.01,5,-7.041921451,0.035230927,0.489967692,0.042370481,0.533419237,1143.582836,3.09318813,0.973407429,1570,Yes,17.90412068
120,0.1,0.01,1,-7.03479845,0.033311583,0.507452151,0.027702341,0.5287914,1135.466036,3.018126199,0.977056794,1300,Yes,18.19743395
120,0.1,0.01,2,-7.027759627,0.027342007,0.505506774,0.030806559,0.530726751,1127.501754,3.009120988,0.976410715,2050,Yes,25.719028
120,0.1,0.01,3,-7.040447133,0.01989811,0.492597069,0.014513403,0.517455143,1141.898073,2.998659922,0.977007525,1180,Yes,16.98241401
120,0.1,0.01,4,-7.068808757,0.031896875,0.504814915,0.021278912,0.522961175,1174.74779,2.996976112,0.976117083,1830,Yes,23.44634581
120,0.1,0.01,5,-7.021072697,0.032122093,0.494979057,0.026549579,0.522873849,1119.98738,2.992395421,0.97687007,1710,Yes,22.28696489
140,0.1,0.01,1,-7.064967375,0.023092368,0.488433583,0.008760984,0.502595658,1170.243791,2.921094158,0.978791619,1840,Yes,27.17544007
140,0.1,0.01,2,-7.085663312,0.020663035,0.488409659,0.015299232,0.509659823,1194.715442,2.931263758,0.978419283,1210,Yes,19.98333001
140,0.1,0.01,3,-7.044214359,0.026940885,0.498500722,0.010640435,0.519691523,1146.207974,2.936550834,0.97887031,3000,No,40.59561586
140,0.1,0.01,4,-7.092414996,0.024724363,0.495065213,0.011901283,0.519118712,1202.809075,2.94026234,0.97750033,1390,Yes,21.90850806
140,0.1,0.01,5,-7.064862276,0.022600038,0.504350575,0.012431114,0.516328022,1170.120806,2.919609583,0.977855994,1440,Yes,22.41795659
160,0.1,0.01,1,-7.084813837,0.022840464,0.500648946,0.005207703,0.509007077,1193.700992,2.900103376,0.979741377,1390,Yes,24.34479713
160,0.1,0.01,2,-7.122528823,0.018374716,0.482534247,-0.000120914,0.496477559,1239.581155,2.855460047,0.979226576,1120,Yes,21.00764084
160,0.1,0.01,3,-7.075436719,0.018000104,0.48738026,0.003541688,0.498307966,1182.559834,2.885459147,0.979430786,2380,Yes,36.77582359
160,0.1,0.01,4,-7.115732598,0.023532039,0.490266451,0.007849078,0.51228054,1231.185244,2.886138089,0.978613981,1320,Yes,23.65799117
160,0.1,0.01,5,-7.119212168,0.019263373,0.486918226,0.004793385,0.500081179,1235.476702,2.842250932,0.978815003,1390,Yes,24.35473967
180,0.1,0.01,1,-7.124644871,0.024468314,0.501292109,0.00218906,0.509612565,1242.206945,2.847737682,0.979274585,1240,Yes,24.54748535
180,0.1,0.01,2,-7.055697733,0.008944068,0.48905083,-0.01261879,0.49754942,1159.446173,2.846971261,0.980365543,2920,Yes,48.23765206
180,0.1,0.01,3,-7.09983512,0.013454934,0.489579422,-0.004451026,0.50271135,1211.767261,2.816336105,0.980599509,1220,Yes,24.74340987
180,0.1,0.01,4,-7.107196768,0.022248836,0.489204342,0.000386369,0.502999534,1220.720782,2.809083319,0.980295687,1380,Yes,26.72849321
180,0.1,0.01,5,-7.061562152,0.013737312,0.485569184,-0.00563103,0.505800065,1166.265628,2.860957526,0.980651799,2060,Yes,36.27736354
200,0.1,0.01,1,-7.09791723,0.012042167,0.48521152,-0.012999918,0.495884601,1209.445453,2.832975526,0.981598031,3000,No,53.6799283
200,0.1,0.01,2,-7.090949391,0.014398756,0.49087302,-0.012208014,0.493024967,1201.047524,2.838020247,0.981389423,3000,No,53.80282044
200,0.1,0.01,3,-7.126428859,0.009462634,0.493017273,-0.020922021,0.490408531,1244.425005,2.778207733,0.98202441,1110,Yes,25.33980107
200,0.1,0.01,4,-7.118163449,0.013364896,0.490412475,-0.017582311,0.485551528,1234.181713,2.812309052,0.981629715,2450,Yes,45.31393266
200,0.1,0.01,5,-7.109965763,0.016728266,0.494503656,-0.004855795,0.503939564,1224.105635,2.787250575,0.98081081,2160,Yes,40.74786592
