K,Alpha,Eta,Run_Index,LL_per_word,Weighted_NPMI,Weighted_Cv,Unweighted_NPMI,Unweighted_Cv,Perplexity,Weighted_Renyi_Entropy,JSD_Diversity,Iterations,Converged,Time_sec
10,0.1,0.01,1,-6.916121054938893,0.02634962746457707,0.4750156044531284,0.03263904236207397,0.48615625431410114,1008.4008668463518,4.427095158182927,0.9011871422186591,1260,Yes,5.651427268981934
10,0.1,0.01,2,-6.937956590138717,0.028328556868958233,0.49377842716871,0.03330338331514241,0.5038589427135632,1030.6619968291454,4.469890676272053,0.8935408944713528,1300,Yes,5.550220727920532
10,0.1,0.01,3,-6.896996990100994,0.034200875181992225,0.4978858704148482,0.04309453131701391,0.5123581032690775,989.2993745368561,4.436845317163416,0.8920370202770039,1500,Yes,6.381347417831421
10,0.1,0.01,4,-6.925807877254628,0.019484990642788653,0.5110060158390951,0.023838616436300687,0.5267759265724984,1018.2165314119045,4.459294831028901,0.9009540604780785,1190,Yes,5.187140941619873
10,0.1,0.01,5,-6.909348405875723,0.03825691446148421,0.5263681838423384,0.04960618222752459,0.5408562770390823,1001.5943965944107,4.482467901012831,0.8804060447213138,1120,Yes,4.9911932945251465
20,0.1,0.01,1,-6.946591591736734,0.03928507538594344,0.5165306135322323,0.04816164696684566,0.5340327861102696,1039.6003004126305,4.035090721229774,0.9273966421921882,1120,Yes,5.836338758468628
20,0.1,0.01,2,-6.92364114493401,0.03776779224673421,0.5216238710920296,0.04829545672931328,0.5452713074958673,1016.0127171439005,4.061464382428343,0.9389002043737076,1320,Yes,6.664514780044556
20,0.1,0.01,3,-6.938474190967847,0.04126520926039366,0.5202028223624718,0.05074422528902067,0.5324280553740155,1031.1956064197268,4.052355145824723,0.9269186849314323,1470,Yes,7.334453821182251
20,0.1,0.01,4,-6.924553031422002,0.029658656587313054,0.4765143118989734,0.037390690067398785,0.5008278694714484,1016.9396279667902,4.079400682466361,0.9244568556596877,1270,Yes,6.401135683059692
20,0.1,0.01,5,-6.950270136703825,0.03069005168786045,0.5022322923571054,0.037246681144807274,0.5246214303596288,1043.4315592742169,3.939464278269278,0.931223975642024,1120,Yes,5.778378248214722
40,0.1,0.01,1,-6.980478264848655,0.04225543052518818,0.5002354296771161,0.052143993760363605,0.5298174881133655,1075.4325856224245,3.606371310548712,0.9536549681777536,1540,Yes,9.809875011444092
40,0.1,0.01,2,-6.964860641925668,0.036039336145066075,0.4977167824660662,0.05339283961430752,0.5351871030174862,1058.76735936433,3.5768585487811553,0.9534897336050545,1690,Yes,10.493543148040771
40,0.1,0.01,3,-6.955328927251061,0.04042880605441816,0.4902156752438487,0.05496445322957063,0.5245555355367806,1048.7234349427456,3.5553549559009454,0.9569603307399777,1110,Yes,7.519791126251221
40,0.1,0.01,4,-6.954618412582483,0.052175459144302834,0.5046798504818585,0.056457839882793424,0.5198708143829702,1047.978566210353,3.5732313513817555,0.9568663580110466,1450,Yes,9.307229042053223
40,0.1,0.01,5,-6.989338200070566,0.040667650040591814,0.5079925974567363,0.053072550632104996,0.5483007764575151,1085.0031834988374,3.633704411899027,0.954341608914918,1210,Yes,8.053481340408325
60,0.1,0.01,1,-7.024990589812436,0.04158835366885306,0.4977341193253253,0.049348100328635486,0.529279506621339,1124.3839782912473,3.340598402918387,0.9644323743994602,1220,Yes,10.38399863243103
60,0.1,0.01,2,-7.013759507803591,0.042789487736766094,0.5098859561647542,0.062394098953321146,0.5565042535029974,1111.826578212676,3.3987687824897885,0.9664640945657482,1230,Yes,10.592847347259521
60,0.1,0.01,3,-7.006532637170351,0.04143636333607698,0.5083053503835404,0.05871217826970949,0.5528054909936574,1103.8205155995247,3.3668101988881496,0.9665246051580926,1150,Yes,9.97364354133606
60,0.1,0.01,4,-6.984328418195607,0.04036312654650463,0.509122161425327,0.047360444197934594,0.5307150944719008,1079.5811471656905,3.371646190453799,0.967125057240809,1560,Yes,12.446012020111084
60,0.1,0.01,5,-6.980267446263645,0.042126258237927434,0.5086073380521317,0.05700584862210488,0.5433922289296295,1075.2058883432896,3.3821345697386143,0.9674939871534112,2200,Yes,16.7116539478302
80,0.1,0.01,1,-7.01983034741202,0.036038892418132386,0.5077195511299748,0.04663049338789933,0.5493873247986671,1118.596828800937,3.195595988036163,0.9717624581282254,1120,Yes,11.497382402420044
80,0.1,0.01,2,-7.004335863888658,0.03395372380533858,0.4994180628510603,0.03954983682266588,0.5371856352887823,1101.3983336494491,3.171140825213832,0.9739493806873215,1440,Yes,13.92050552368164
80,0.1,0.01,3,-7.010222932905384,0.03526040415827881,0.5001325064663573,0.04618074649893389,0.5343275583011874,1107.901465064393,3.160216832436337,0.9714348178909179,1260,Yes,12.803982973098755
80,0.1,0.01,4,-6.989008567090925,0.04175388563255456,0.5122666718187583,0.04602690373312783,0.5333312090634976,1084.6455896071486,3.1778488044057593,0.9743086864627298,2360,Yes,20.679344415664673
80,0.1,0.01,5,-6.991422942244807,0.04347278792513696,0.5004146150651553,0.050773167942084044,0.5372588144970717,1087.267494827237,3.214244499274217,0.9717714761133515,1780,Yes,16.537564516067505
100,0.1,0.01,1,-7.066226717195775,0.03158357725378678,0.4934555454576985,0.03063024326886527,0.5177533891449437,1171.7184573750098,3.107597246839362,0.972791370482895,1370,Yes,16.04373073577881
100,0.1,0.01,2,-7.021079073418408,0.026853465211449833,0.5066125996329086,0.01962848186723184,0.5232978988295554,1119.994522238175,3.079751535759109,0.9752366835633912,1810,Yes,19.972797393798828
100,0.1,0.01,3,-7.048094299915127,0.028521244504680222,0.49360432201501875,0.027495000853278433,0.5200906318895914,1150.6638318646515,3.064000870840953,0.9751241166490827,1230,Yes,14.892637491226196
100,0.1,0.01,4,-7.018116833125388,0.034523507194777536,0.5007660760257807,0.030834665851363963,0.5250587906681731,1116.6817383897753,3.0852191252520624,0.9758286408028803,1410,Yes,16.72744846343994
100,0.1,0.01,5,-7.041921451342874,0.03523092734170128,0.4899676918001767,0.042370481436323736,0.5334192370580603,1143.5828357160087,3.0931881298077366,0.9734074287438843,1570,Yes,17.914278984069824
120,0.1,0.01,1,-7.034798449854424,0.03331158301383055,0.5074521510740997,0.02770234092125132,0.5287914004932172,1135.466035782621,3.0181261989264363,0.9770567942455987,1300,Yes,17.908761978149414
120,0.1,0.01,2,-7.027759626809715,0.027342007416887196,0.5055067742017527,0.030806559076411617,0.5307267512688034,1127.5017537519377,3.0091209881808902,0.9764107153883955,2050,Yes,25.7177152633667
120,0.1,0.01,3,-7.040447132976778,0.019898109595252705,0.492597069242196,0.01451340336018317,0.5174551427687011,1141.8980727817984,2.9986599216121075,0.9770075245637739,1180,Yes,16.848147869110107
120,0.1,0.01,4,-7.068808757136746,0.03189687474997831,0.5048149147908002,0.021278911725986758,0.5229611745117484,1174.747790478029,2.9969761117693072,0.9761170826842637,1830,Yes,23.278300523757935
120,0.1,0.01,5,-7.021072696643762,0.03212209280856413,0.4949790565116091,0.026549578980697954,0.5228738492570887,1119.9873803082742,2.992395421189871,0.976870070425024,1710,Yes,22.652435302734375
140,0.1,0.01,1,-7.064967374685548,0.023092368179139115,0.4884335832053095,0.008760984264848656,0.5025956579030989,1170.2437912613768,2.9210941584444376,0.9787916189994039,1840,Yes,27.168391942977905
140,0.1,0.01,2,-7.085663311965924,0.020663035476426273,0.4884096591307733,0.015299231725380131,0.5096598227026023,1194.7154417678314,2.9312637576098615,0.978419283230658,1210,Yes,19.931015968322754
140,0.1,0.01,3,-7.044214359193246,0.026940885393470688,0.49850072207908963,0.01064043494040131,0.5196915226983823,1146.2079742278015,2.9365508338347928,0.9788703102622373,3000,No,40.61194086074829
140,0.1,0.01,4,-7.092414995860527,0.02472436301769995,0.4950652129773317,0.011901282631537205,0.5191187118831784,1202.8090748549066,2.94026234019281,0.9775003302662948,1390,Yes,21.598434686660767
140,0.1,0.01,5,-7.064862275525631,0.022600037500292807,0.5043505754998522,0.012431114077021249,0.5163280222816691,1170.1208060849506,2.9196095830623157,0.9778559938461039,1440,Yes,22.197347164154053
160,0.1,0.01,1,-7.08481383712626,0.022840463630806596,0.5006489462827716,0.005207703112112011,0.509007076612946,1193.7009919952743,2.9001033760145694,0.9797413772826852,1390,Yes,24.30471920967102
160,0.1,0.01,2,-7.122528823135518,0.018374715818659338,0.48253424722917015,-0.00012091370511661329,0.49647755914841235,1239.5811547795481,2.8554600466883397,0.9792265758873133,1120,Yes,20.92344880104065
160,0.1,0.01,3,-7.07543671898597,0.0180001038786604,0.48738025964124654,0.003541688144214092,0.49830796575512004,1182.5598343817664,2.885459147097502,0.9794307862009292,2380,Yes,36.430659532547
160,0.1,0.01,4,-7.1157325976015455,0.023532038533143642,0.4902664505401146,0.007849078427438608,0.5122805403646039,1231.1852442510733,2.8861380886136523,0.9786139808761389,1320,Yes,23.205363035202026
160,0.1,0.01,5,-7.11921216840204,0.01926337301785722,0.4869182263981798,0.00479338474759827,0.5000811789446036,1235.4767023632678,2.8422509317228397,0.9788150027363496,1390,Yes,24.283801794052124
180,0.1,0.01,1,-7.124644870922223,0.024468313819965743,0.5012921085492646,0.00218906015906808,0.5096125646631751,1242.2069449074727,2.847737682406874,0.9792745849682637,1240,Yes,24.89123272895813
180,0.1,0.01,2,-7.055697733400742,0.008944068082666881,0.48905082978184716,-0.012618790489085359,0.49754942037491834,1159.446173439041,2.846971260549122,0.9803655432581261,2920,Yes,48.01961612701416
180,0.1,0.01,3,-7.099835119654723,0.013454934084341555,0.4895794219010791,-0.004451026012152386,0.5027113501768523,1211.7672614159474,2.816336104645289,0.9805995085008606,1220,Yes,24.636584281921387
180,0.1,0.01,4,-7.1071967678963714,0.022248835668098804,0.4892043417894371,0.000386368829375656,0.5029995335264221,1220.720781643003,2.8090833185141393,0.9802956865604425,1380,Yes,26.64530611038208
180,0.1,0.01,5,-7.0615621520977925,0.013737312412147757,0.4855691843501878,-0.005631029854890803,0.5058000651850496,1166.265627780344,2.860957526175789,0.980651799018125,2060,Yes,36.10344052314758
200,0.1,0.01,1,-7.097917230293736,0.012042167062454902,0.4852115199242101,-0.012999917535540558,0.495884600972784,1209.4454530747353,2.832975526451021,0.9815980311295641,3000,No,53.24677538871765
200,0.1,0.01,2,-7.0909493914445925,0.014398756171311663,0.49087302003657945,-0.012208013557267533,0.4930249674539193,1201.0475237471314,2.8380202467498097,0.9813894232365008,3000,No,53.19395637512207
200,0.1,0.01,3,-7.126428858793953,0.00946263384385521,0.4930172732287869,-0.020922021494413176,0.49040853136140994,1244.425004939195,2.7782077330733923,0.9820244095160898,1110,Yes,25.493541479110718
200,0.1,0.01,4,-7.118163448587991,0.013364896487305919,0.49041247531977017,-0.01758231113061163,0.48555152788125566,1234.1817126250892,2.812309052458488,0.9816297150730041,2450,Yes,45.40329027175903
200,0.1,0.01,5,-7.109965762511612,0.01672826582020872,0.49450365557677783,-0.004855794570851461,0.5039395640887134,1224.105635071811,2.7872505746604546,0.9808108098776591,2160,Yes,40.75510931015015
