Converged,Yes,,,,,,,
Unweighted_NPMI,(全部),,,,,,,
,,,,,,,,
K,Alpha,Eta,平均值项:Weighted_NPMI,平均值项:Weighted_Cv,平均值项:Unweighted_NPMI,平均值项:Perplexity,平均值项:JSD_Diversity,平均值项:Weighted_Renyi_Entropy
40,,,0.030434669,0.513254131,-0.125137266,1125.464194,0.819612251,4.84243255
,0.05,,0.039199685,0.521345988,-0.112747379,1134.417883,0.815391828,4.806966378
,,0.01,0.041932266,0.502811927,0.053419972,1059.878119,0.953639838,3.62707062
,,0.1,0.052173202,0.531800262,0.061634721,1213.925694,0.934258116,4.292175533
,,0.5,0.04913675,0.535312539,-0.032906245,1169.591234,0.955604753,5.091897797
,,1,0.035325002,0.527971054,-0.255203914,1175.818314,0.754116631,5.419007581
,,2,0.015232468,0.50831977,-0.416569416,1052.36755,0.425043366,5.675411141
,0.1,,0.038148422,0.51814683,-0.112353235,1141.696069,0.810095947,4.821669116
,,0.01,0.042313336,0.500168067,0.054006335,1063.181026,0.9550626,3.589104116
,,0.1,0.050307641,0.527686407,0.0628603,1201.943489,0.936958786,4.280937902
,,0.5,0.048888411,0.543952197,0.000139643,1181.780637,0.959991897,5.069324944
,,1,0.033611704,0.520987619,-0.227830234,1197.73671,0.801075006,5.401123047
,,2,0.018052864,0.499847777,-0.415899514,1075.887967,0.422764011,5.65970933
,0.5,,0.03967718,0.521958959,-0.125465306,1135.832371,0.797697289,4.837759074
,,0.01,0.041805712,0.504452759,0.055210727,1069.440256,0.956451987,3.589448492
,,0.1,0.054021771,0.524500683,0.062655409,1209.839618,0.93869245,4.272258252
,,0.5,0.049467138,0.547141137,-0.016602514,1180.897282,0.960308182,5.057565614
,,1,0.041333378,0.536263783,-0.238276439,1176.291889,0.768714392,5.393606741
,,2,0.017495735,0.498453124,-0.415065429,1072.295708,0.420717501,5.649715942
,1,,0.036981677,0.516007292,-0.124249798,1133.656457,0.802951011,4.808950505
,,0.01,0.04020363,0.50319945,0.051189814,1052.618883,0.957041409,3.588311553
,,0.1,0.052636812,0.531533389,0.064549846,1213.890456,0.935733621,4.265816265
,,0.5,0.04441991,0.532732798,-0.020262293,1183.921833,0.958517994,5.055514703
,,1,0.035605137,0.532925334,-0.251084562,1183.588631,0.774227462,5.417601906
,,2,0.01666157,0.486095812,-0.407084367,1060.362356,0.446904485,5.658194088
,5,,0.031784918,0.516903958,-0.113421211,1130.447309,0.842647943,4.8085169
,,0.01,0.042923473,0.506029239,0.058842375,1063.082617,0.9562754,3.567562698
,,0.1,0.050771575,0.529236794,0.061097998,1238.365089,0.940326967,4.235100939
,,0.5,0.042149272,0.54555669,-0.023904348,1217.117748,0.962234581,5.034243347
,,1,0.018743724,0.496857045,-0.282299088,1149.745171,0.752130064,5.472270909
,,2,0.006409414,0.512570567,-0.362939619,1001.26001,0.626190033,5.778551898
,10,,0.029374763,0.509576245,-0.1317143,1113.779909,0.835224519,4.835925079
,,0.01,0.045390926,0.507759402,0.058846166,1075.874605,0.956830909,3.562367922
,,0.1,0.05324931,0.533472165,0.060044046,1212.285094,0.937750342,4.26472443
,,0.5,0.03848873,0.533224195,-0.069392313,1198.444821,0.948902479,5.064041554
,,1,0.013083219,0.475856012,-0.306209622,1125.582622,0.725611998,5.535084857
,,2,-0.001515578,0.50229904,-0.389395379,973.6453856,0.629762461,5.799029924
,20,,-0.001100854,0.489654224,-0.155470078,1089.565785,0.831494028,4.97417323
,,0.01,0.037853866,0.495369707,0.046187891,1068.414369,0.958956814,3.561566359
,,0.1,0.052633854,0.529374565,0.063135199,1215.900804,0.935433729,4.276405636
,,0.5,0.0302347,0.528605375,-0.09745556,1177.523864,0.952134039,5.158681695
,,1,0.007521597,0.488111486,-0.287960514,1121.565861,0.774779854,5.556726586
,,2,-0.127481176,0.414600217,-0.489654502,882.0156419,0.560293705,6.354387569
60,,,0.025234061,0.510290408,-0.179850253,1136.332509,0.770226397,4.788610932
,0.05,,0.038825367,0.520151893,-0.150018725,1144.549792,0.761300827,4.683298109
,,0.01,0.042279538,0.506587139,0.052222285,1082.0462,0.966468103,3.378438757
,,0.1,0.051795657,0.538463382,0.048609964,1221.806171,0.953752591,4.188328192
,,0.5,0.047160448,0.537197755,-0.135209841,1181.299832,0.905368755,5.08910159
,,1,0.02947878,0.50905367,-0.371447493,1160.825529,0.527949052,5.439708318
,,2,0.017222526,0.504009371,-0.448188186,1063.895521,0.317543895,5.669420137
,0.1,,0.03607122,0.516583418,-0.172350375,1147.76819,0.744909532,4.774071922
,,0.01,0.041660718,0.506730985,0.054964134,1098.963622,0.966408024,3.371991629
,,0.1,0.049159159,0.527898288,0.045956445,1221.170277,0.954320915,4.215870693
,,0.5,0.048092148,0.541142004,-0.131458003,1179.513256,0.905446327,5.092069567
,,1,0.027288339,0.51028703,-0.328589614,1194.062206,0.63403878,5.421210955
,,2,0.016773325,0.499121757,-0.45896347,1059.812006,0.306215893,5.657576521
,0.5,,0.035533598,0.525079164,-0.176481578,1144.013125,0.749886247,4.789230087
,,0.01,0.039302549,0.502301833,0.047504193,1100.087316,0.966522112,3.348250668
,,0.1,0.04895525,0.536509519,0.048621254,1230.227751,0.955850572,4.168571227
,,0.5,0.043972795,0.539819501,-0.132463776,1191.774578,0.905730989,5.071953911
,,1,0.035048579,0.541779247,-0.305392427,1191.216536,0.678754302,5.419245399
,,2,0.015757479,0.509557863,-0.450636002,1041.245293,0.324958989,5.689865686
,1,,0.034835902,0.5209227,-0.178965869,1144.676522,0.739913034,4.786684589
,,0.01,0.041750768,0.50636709,0.053348144,1094.379589,0.967027736,3.339319546
,,0.1,0.048231798,0.529336661,0.050948084,1215.769427,0.955322846,4.163781756
,,0.5,0.047063214,0.543883521,-0.145591468,1184.929885,0.893248633,5.057435077
,,1,0.030432134,0.523182544,-0.366369607,1186.948473,0.557490656,5.398047458
,,2,0.00808457,0.498932559,-0.440701695,1031.295849,0.371898241,5.685366099
,5,,0.0292783,0.508265306,-0.180115192,1128.362773,0.796884775,4.78322327
,,0.01,0.043290232,0.502284007,0.054805848,1099.328817,0.965704543,3.341960939
,,0.1,0.047157384,0.528254889,0.043886883,1235.674251,0.954795037,4.14975521
,,0.5,0.046832612,0.542285355,-0.199279524,1198.601767,0.843627477,5.067508732
,,1,0.015645513,0.475950692,-0.371013123,1134.13509,0.571711879,5.527932793
,,2,-0.00653424,0.492551589,-0.428976045,974.0739385,0.648584937,5.828958676
,10,,0.000965944,0.493292161,-0.186888283,1111.690945,0.803242406,4.822460221
,,0.01,0.038784497,0.505088027,0.048941729,1085.8183,0.968065196,3.325086277
,,0.1,0.046062985,0.524694329,0.041083275,1240.673349,0.956515874,4.159305782
,,0.5,0.029321184,0.524727139,-0.227026042,1204.967107,0.850765086,5.137842679
,,1,0.012877587,0.483372964,-0.350263295,1148.120532,0.616171395,5.518104361
,,2,-0.114163156,0.432881503,-0.487879635,904.8165873,0.596784811,6.174167327
,20,,-0.000112233,0.487178426,-0.214473245,1133.099253,0.795548545,4.882492706
,,0.01,0.038843549,0.498401952,0.048108387,1113.341459,0.966867671,3.311600334
,,0.1,0.049906053,0.522675048,0.04641046,1240.48326,0.956753819,4.140692794
,,0.5,0.024191136,0.512726189,-0.232004894,1213.332676,0.861009645,5.157707815
,,1,-0.13556514,0.439827057,-0.437923397,1263.954712,0.61143202,6.051768984
,,2,0.004976311,0.459890935,-0.489470071,882.0320489,0.577097321,5.836188875
80,,,0.017989365,0.505416852,-0.222124078,1136.733649,0.696650811,4.776767014
,0.05,,0.036923193,0.518074191,-0.214811253,1146.803131,0.674504147,4.731274247
,,0.01,0.032138789,0.497537277,0.038060612,1104.170564,0.971671461,3.189333272
,,0.1,0.046237615,0.517222138,0.037730314,1229.478047,0.961672746,4.157990546
,,0.5,0.047956921,0.540361807,-0.221990572,1182.001052,0.806346117,5.105383428
,,1,0.037195911,0.529644406,-0.396346354,1177.155601,0.462969765,5.409201721
,,2,0.022949612,0.505434915,-0.481001953,1057.745375,0.227294366,5.679805526
,0.1,,0.035349887,0.518403377,-0.200162926,1149.453581,0.690046581,4.68009557
,,0.01,0.038095939,0.503990281,0.04583223,1099.961942,0.972645364,3.18380939
,,0.1,0.043837057,0.529089162,0.029718538,1226.612858,0.962469367,4.149864204
,,0.5,0.045745653,0.539689087,-0.201747502,1186.512115,0.835421338,5.099666954
,,1,0.03484446,0.531386823,-0.3912305,1189.472318,0.481212672,5.389952552
,,2,0.016305478,0.492118674,-0.483704314,1052.120379,0.227559113,5.661099028
,0.5,,0.033544006,0.521423487,-0.225167168,1146.05314,0.673265266,4.748234242
,,0.01,0.037493966,0.494610422,0.041735955,1131.926963,0.971311189,3.185752599
,,0.1,0.047646784,0.539758327,0.030720614,1235.01549,0.963924014,4.13517965
,,0.5,0.044735203,0.542977188,-0.225059997,1187.431265,0.809909652,5.080173891
,,1,0.027909602,0.518567734,-0.404586935,1182.091932,0.450498946,5.405690137
,,2,0.015575585,0.5185377,-0.466290364,1029.384991,0.286946029,5.689153097
,1,,0.032115419,0.51473045,-0.204383571,1130.658833,0.703362493,4.662639499
,,0.01,0.035115114,0.500387613,0.038750321,1095.576766,0.973061607,3.177148257
,,0.1,0.046513819,0.531005183,0.029315295,1222.073941,0.965132361,4.122744071
,,0.5,0.045185,0.537197693,-0.258565762,1190.1338,0.755499741,5.066682281
,,1,0.018631361,0.49296361,-0.420510895,1144.430632,0.408540483,5.465383649
,,2,0.011114482,0.510067052,-0.45814474,994.9808008,0.334119184,5.75160135
,5,,0.026328695,0.504325033,-0.211471399,1129.141643,0.738141592,4.716898626
,,0.01,0.030659685,0.491731572,0.034880821,1134.074219,0.972134155,3.164817464
,,0.1,0.042437796,0.521208712,0.024135053,1243.634395,0.964053176,4.12109368
,,0.5,0.039868463,0.537025479,-0.292014824,1191.842932,0.730445213,5.117775233
,,1,0.01998979,0.493915423,-0.40093605,1136.590712,0.488189702,5.541440941
,,2,0.004103647,0.490824159,-0.455639367,964.6464706,0.532807164,5.799716454
,10,,-0.005664382,0.490912848,-0.238692024,1112.414784,0.709895169,4.849110827
,,0.01,0.032697434,0.495058292,0.037121451,1126.49838,0.973091509,3.138039585
,,0.1,0.041012357,0.516898799,0.023686912,1244.9081,0.964239575,4.117236773
,,0.5,0.018987323,0.500776432,-0.287334438,1217.652285,0.772569791,5.194670287
,,1,0.020585735,0.492034421,-0.416128761,1135.466267,0.444519639,5.491627037
,,2,-0.12733907,0.456966202,-0.508057978,885.0950526,0.458459137,6.226717534
,20,,-0.033635097,0.469338567,-0.260681661,1141.355466,0.688882281,5.050335076
,,0.01,0.031081017,0.498290264,0.034029456,1113.713213,0.973557043,3.160112654
,,0.1,0.043119737,0.526363102,0.027317427,1229.138326,0.963834895,4.129384645
,,0.5,0.016350482,0.50209943,-0.284405588,1226.348688,0.792965252,5.232938019
,,1,-0.156178844,0.362375759,-0.513875035,1279.224009,0.394023278,6.300322012
,,2,-0.079607541,0.469906792,-0.512277127,869.8232868,0.397782485,6.087394152
总计,,,0.024592719,0.509679632,-0.175420816,1132.81973,0.762562619,4.802761039
